ind,gameID,winnerTotal,loserTotal,GoldDifference,bin
0,2756265176,1107.3333333333333,1205.0,-97.66666666666667,1
0,2756265176,3055.6666666666665,3152.6666666666665,-97.0,2
0,2756265176,3039.3333333333335,3725.6666666666665,-686.3333333333334,3
0,2756265176,3573.6666666666665,3721.3333333333335,-147.66666666666666,4
0,2756265176,3842.0,5152.333333333333,-1310.3333333333333,5
0,2756265176,6213.333333333333,5766.333333333333,447.0,6
0,2756265176,5060.333333333333,8265.666666666666,-3205.3333333333335,7
0,2756265176,4917.666666666667,5627.0,-709.3333333333334,8
0,2756265176,6597.333333333333,5224.0,1373.3333333333333,9
0,2757139247,2500.0,2500.0,0.0,1
0,2757139247,821.0,583.0,238.0,2
0,2757139247,396.0,1594.0,-1198.0,3
0,2757139247,1864.0,3750.0,-1886.0,4
0,2757139247,1592.0,4904.0,-3312.0,5
0,2757139247,4361.0,3613.0,748.0,6
0,2757139247,3309.0,4406.0,-1097.0,7
0,2757139247,2292.0,6174.0,-3882.0,8
0,2757139247,3211.0,1898.0,1313.0,9
0,2757164302,1009.6666666666666,870.6666666666666,139.0,1
0,2757164302,3548.0,3735.6666666666665,-187.66666666666666,2
0,2757164302,3699.6666666666665,4666.333333333333,-966.6666666666666,3
0,2757164302,4976.666666666667,4320.666666666667,656.0,4
0,2757164302,5896.666666666667,3119.3333333333335,2777.3333333333335,5
0,2757164302,6038.0,6015.0,23.0,6
0,2757164302,3956.0,5692.0,-1736.0,7
0,2757164302,5619.666666666667,5668.0,-48.333333333333336,8
0,2757164302,7884.0,7043.333333333333,840.6666666666666,9
0,2757334493,1250.0,1500.0,-250.0,1
0,2757334493,2011.0,1321.0,690.0,2
0,2757334493,4701.0,3294.0,1407.0,3
0,2757334493,2234.5,5514.5,-3280.0,4
0,2757334493,6449.5,2623.5,3826.0,5
0,2757334493,3511.5,5411.0,-1899.5,6
0,2757334493,6341.5,3164.5,3177.0,7
0,2757334493,3937.0,6308.5,-2371.5,8
0,2757334493,6615.5,2840.0,3775.5,9
0,2757344038,922.6666666666666,1232.3333333333333,-309.6666666666667,1
0,2757344038,2644.0,2225.3333333333335,418.6666666666667,2
0,2757344038,4076.6666666666665,2426.6666666666665,1650.0,3
0,2757344038,4445.666666666667,2931.6666666666665,1514.0,4
0,2757344038,6182.0,3832.6666666666665,2349.3333333333335,5
0,2757344038,5507.0,4306.666666666667,1200.3333333333333,6
0,2757344038,5178.666666666667,2731.6666666666665,2447.0,7
0,2757344038,6349.666666666667,5756.0,593.6666666666666,8
0,2757344038,5262.0,5459.666666666667,-197.66666666666666,9
0,2757417224,1250.0,1250.0,0.0,1
0,2757417224,881.5,1323.0,-441.5,2
0,2757417224,3080.5,2532.5,548.0,3
0,2757417224,1981.0,3424.5,-1443.5,4
0,2757417224,5252.5,3839.0,1413.5,5
0,2757417224,6623.0,2667.5,3955.5,6
0,2757417224,7935.5,2230.0,5705.5,7
0,2757417224,9740.0,2191.5,7548.5,8
0,2757417224,3766.5,2601.5,1165.0,9
0,2757609008,1415.0,1250.5,164.5,1
0,2757609008,1715.0,1267.0,448.0,2
0,2757609008,4157.0,4069.0,88.0,3
0,2757609008,5681.0,3029.0,2652.0,4
0,2757609008,2671.5,1780.5,891.0,5
0,2757609008,5942.5,5116.5,826.0,6
0,2757609008,5045.0,4336.5,708.5,7
0,2757609008,3328.5,2705.5,623.0,8
0,2757609008,9604.0,4181.0,5423.0,9
0,2757642400,1334.0,1131.6666666666667,202.33333333333334,1
0,2757642400,3307.6666666666665,2006.0,1301.6666666666667,2
0,2757642400,4601.0,2268.3333333333335,2332.6666666666665,3
0,2757642400,3163.6666666666665,2979.6666666666665,184.0,4
0,2757642400,6539.666666666667,2790.6666666666665,3749.0,5
0,2757642400,7936.666666666667,1751.0,6185.666666666667,6
0,2757642400,8527.333333333334,3438.0,5089.333333333333,7
0,2757642400,10953.666666666666,3890.3333333333335,7063.333333333333,8
0,2757642400,8732.0,7555.0,1177.0,9
0,2758041096,1250.0,1507.5,-257.5,1
0,2758041096,1858.5,1619.0,239.5,2
0,2758041096,3172.0,2879.0,293.0,3
0,2758041096,3624.0,4604.0,-980.0,4
0,2758041096,3821.5,6912.0,-3090.5,5
0,2758041096,2826.0,4262.0,-1436.0,6
0,2758041096,4409.5,5190.0,-780.5,7
0,2758041096,4460.5,8115.0,-3654.5,8
0,2758041096,4878.0,6640.5,-1762.5,9
0,2758738837,1250.0,1250.0,0.0,1
0,2758738837,852.5,1982.0,-1129.5,2
0,2758738837,1977.5,2919.0,-941.5,3
0,2758738837,1963.0,4001.5,-2038.5,4
0,2758738837,2855.5,6794.0,-3938.5,5
0,2758738837,3335.0,3125.5,209.5,6
0,2758738837,3046.0,4534.0,-1488.0,7
0,2758738837,4544.0,3984.5,559.5,8
0,2758738837,4239.5,3771.5,468.0,9
0,2759000499,2500.0,2500.0,0.0,1
0,2759000499,26.0,620.0,-594.0,2
0,2759000499,239.0,985.0,-746.0,3
0,2759000499,3469.0,2372.0,1097.0,4
0,2759000499,4404.0,3819.0,585.0,5
0,2759000499,4612.0,2069.0,2543.0,6
0,2759000499,4865.0,3328.0,1537.0,7
0,2759000499,5377.0,1265.0,4112.0,8
0,2759000499,6626.0,2857.0,3769.0,9
0,2759024018,1250.0,1250.0,0.0,1
0,2759024018,2038.0,1499.5,538.5,2
0,2759024018,5763.5,3369.0,2394.5,3
0,2759024018,3876.5,2551.0,1325.5,4
0,2759024018,5727.5,2299.0,3428.5,5
0,2759024018,4747.5,4164.0,583.5,6
0,2759024018,10650.5,2524.0,8126.5,7
0,2759024018,5977.0,2133.5,3843.5,8
0,2759024018,4232.0,2686.5,1545.5,9
0,2759132098,1541.5,1650.5,-109.0,1
0,2759132098,2995.0,2397.5,597.5,2
0,2759132098,4062.0,3374.5,687.5,3
0,2759132098,6150.0,2299.0,3851.0,4
0,2759132098,5068.5,3271.0,1797.5,5
0,2759132098,4999.5,3612.5,1387.0,6
0,2759132098,5178.0,5232.5,-54.5,7
0,2759132098,3903.5,5146.0,-1242.5,8
0,2759132098,5901.5,4856.5,1045.0,9
0,2759257697,7000.0,7000.0,0.0,1
0,2759257697,60.0,425.0,-365.0,2
0,2759257697,2463.0,2029.0,434.0,3
0,2759257697,5183.0,3489.0,1694.0,4
0,2759257697,3077.0,6020.0,-2943.0,5
0,2759257697,5687.0,2011.0,3676.0,6
0,2759257697,5730.0,3736.0,1994.0,7
0,2759257697,5869.0,5807.0,62.0,8
0,2759257697,2037.0,5663.0,-3626.0,9
0,2760780298,3630.0,3555.0,75.0,1
0,2760780298,4048.0,2791.0,1257.0,2
0,2760780298,6495.5,5614.5,881.0,3
0,2760780298,5080.0,2927.0,2153.0,4
0,2760780298,4143.0,1734.0,2409.0,5
0,2760780298,3585.0,4596.0,-1011.0,6
0,2760780298,4746.5,3760.5,986.0,7
0,2760780298,4410.5,4952.0,-541.5,8
0,2760780298,4582.0,4452.0,130.0,9
0,2760805828,7000.0,7000.0,0.0,1
0,2760805828,550.0,430.0,120.0,2
0,2760805828,3035.0,2516.0,519.0,3
0,2760805828,3564.0,4336.0,-772.0,4
0,2760805828,3188.0,7262.0,-4074.0,5
0,2760805828,5526.0,5808.0,-282.0,6
0,2760805828,2548.0,5209.0,-2661.0,7
0,2760805828,2976.0,7815.0,-4839.0,8
0,2760805828,2330.0,12205.0,-9875.0,9
0,2760983874,3625.0,3625.0,0.0,1
0,2760983874,3632.5,2944.0,688.5,2
0,2760983874,5277.0,4656.5,620.5,3
0,2760983874,5441.0,3351.5,2089.5,4
0,2760983874,3440.5,4522.5,-1082.0,5
0,2760983874,5155.0,3239.5,1915.5,6
0,2760983874,2842.0,5089.0,-2247.0,7
0,2760983874,5209.0,5648.5,-439.5,8
0,2760983874,4444.5,4189.0,255.5,9
0,2761203040,3748.0,3825.5,-77.5,1
0,2761203040,2538.5,2452.5,86.0,2
0,2761203040,5411.5,3271.0,2140.5,3
0,2761203040,7509.0,3273.5,4235.5,4
0,2761203040,4009.5,4494.0,-484.5,5
0,2761203040,3195.5,4466.5,-1271.0,6
0,2761203040,4518.0,4435.5,82.5,7
0,2761203040,3975.5,4387.5,-412.0,8
0,2761203040,3299.0,7887.0,-4588.0,9
0,2761508815,3687.5,3590.0,97.5,1
0,2761508815,4326.5,3012.0,1314.5,2
0,2761508815,6840.0,6878.0,-38.0,3
0,2761508815,9521.5,4822.5,4699.0,4
0,2761508815,2359.0,4827.0,-2468.0,5
0,2761508815,6809.5,5123.0,1686.5,6
0,2761508815,3271.5,5499.0,-2227.5,7
0,2761508815,6837.0,4764.5,2072.5,8
0,2761508815,2801.0,4470.0,-1669.0,9
0,2761535163,3505.0,3605.0,-100.0,1
0,2761535163,2805.0,2390.0,415.0,2
0,2761535163,6215.0,4269.0,1946.0,3
0,2761535163,7612.5,4843.0,2769.5,4
0,2761535163,4756.0,5133.5,-377.5,5
0,2761535163,7113.0,4891.0,2222.0,6
0,2761535163,11134.0,4841.0,6293.0,7
0,2761535163,3031.0,6324.5,-3293.5,8
0,2761535163,5798.5,3162.5,2636.0,9
0,2761551580,3605.5,3737.5,-132.0,1
0,2761551580,3620.0,3483.0,137.0,2
0,2761551580,7723.5,5256.0,2467.5,3
0,2761551580,4530.5,6243.5,-1713.0,4
0,2761551580,3338.0,4906.0,-1568.0,5
0,2761551580,4805.0,3775.5,1029.5,6
0,2761551580,6252.5,2111.5,4141.0,7
0,2761551580,3145.0,3407.5,-262.5,8
0,2761551580,3117.5,2686.5,431.0,9
0,2761581064,3526.0,3147.6666666666665,378.3333333333333,1
0,2761581064,4915.666666666667,4958.333333333333,-42.666666666666664,2
0,2761581064,4379.333333333333,3613.3333333333335,766.0,3
0,2761581064,5410.0,2433.0,2977.0,4
0,2761581064,3402.3333333333335,3594.3333333333335,-192.0,5
0,2761581064,4260.333333333333,3439.0,821.3333333333334,6
0,2761581064,6224.333333333333,3983.3333333333335,2241.0,7
0,2761581064,5399.666666666667,3985.0,1414.6666666666667,8
0,2761581064,8542.333333333334,5091.0,3451.3333333333335,9
0,2762065106,1283.0,1535.0,-252.0,1
0,2762065106,1051.0,1640.5,-589.5,2
0,2762065106,3278.5,3204.0,74.5,3
0,2762065106,3646.0,3975.5,-329.5,4
0,2762065106,2170.5,2257.0,-86.5,5
0,2762065106,4542.5,3464.5,1078.0,6
0,2762065106,3761.0,3853.0,-92.0,7
0,2762065106,4810.0,3996.0,814.0,8
0,2762065106,4069.0,5216.5,-1147.5,9
0,2762076235,1262.5,1250.0,12.5,1
0,2762076235,1278.5,1137.0,141.5,2
0,2762076235,3677.5,3221.0,456.5,3
0,2762076235,1664.5,1964.5,-300.0,4
0,2762076235,3960.0,2499.5,1460.5,5
0,2762076235,5107.5,2112.5,2995.0,6
0,2762076235,2518.0,2420.5,97.5,7
0,2762076235,3520.0,2350.5,1169.5,8
0,2762076235,2904.5,3014.5,-110.0,9
0,2762130228,970.3333333333334,968.3333333333334,2.0,1
0,2762130228,2140.0,2342.0,-202.0,2
0,2762130228,2184.0,3014.3333333333335,-830.3333333333334,3
0,2762130228,3823.3333333333335,2991.6666666666665,831.6666666666666,4
0,2762130228,4277.0,4201.666666666667,75.33333333333333,5
0,2762130228,3679.0,3058.3333333333335,620.6666666666666,6
0,2762130228,3097.6666666666665,4039.3333333333335,-941.6666666666666,7
0,2762130228,4981.0,2952.6666666666665,2028.3333333333333,8
0,2762130228,5371.666666666667,3943.0,1428.6666666666667,9
0,2762156399,1120.6666666666667,967.0,153.66666666666666,1
0,2762156399,2640.6666666666665,1967.0,673.6666666666666,2
0,2762156399,2228.3333333333335,4632.0,-2403.6666666666665,3
0,2762156399,4199.333333333333,3600.0,599.3333333333334,4
0,2762156399,3889.6666666666665,4484.333333333333,-594.6666666666666,5
0,2762156399,3286.6666666666665,3525.3333333333335,-238.66666666666666,6
0,2762156399,5141.0,3041.6666666666665,2099.3333333333335,7
0,2762156399,6076.666666666667,2815.6666666666665,3261.0,8
0,2762156399,4386.666666666667,2918.0,1468.6666666666667,9
0,2762266260,1009.6666666666666,963.0,46.666666666666664,1
0,2762266260,3203.0,2137.6666666666665,1065.3333333333333,2
0,2762266260,3262.0,3862.6666666666665,-600.6666666666666,3
0,2762266260,2185.3333333333335,3759.6666666666665,-1574.3333333333333,4
0,2762266260,3708.0,2922.6666666666665,785.3333333333334,5
0,2762266260,4673.333333333333,2722.0,1951.3333333333333,6
0,2762266260,3252.6666666666665,3238.3333333333335,14.333333333333334,7
0,2762266260,4688.666666666667,2674.0,2014.6666666666667,8
0,2762266260,4049.6666666666665,3058.3333333333335,991.3333333333334,9
0,2762372735,936.6666666666666,942.0,-5.333333333333333,1
0,2762372735,2576.0,1557.3333333333333,1018.6666666666666,2
0,2762372735,3024.3333333333335,2206.0,818.3333333333334,3
0,2762372735,2567.6666666666665,4144.666666666667,-1577.0,4
0,2762372735,1539.0,2818.6666666666665,-1279.6666666666667,5
0,2762372735,2737.6666666666665,4367.666666666667,-1630.0,6
0,2762372735,4052.6666666666665,3312.0,740.6666666666666,7
0,2762372735,3475.0,4094.6666666666665,-619.6666666666666,8
0,2762372735,3228.0,3062.3333333333335,165.66666666666666,9
0,2762425666,983.6666666666666,969.0,14.666666666666666,1
0,2762425666,2739.0,2443.6666666666665,295.3333333333333,2
0,2762425666,3183.3333333333335,2857.3333333333335,326.0,3
0,2762425666,3020.0,2249.6666666666665,770.3333333333334,4
0,2762425666,2822.6666666666665,3320.6666666666665,-498.0,5
0,2762425666,4267.666666666667,3049.6666666666665,1218.0,6
0,2762425666,2835.3333333333335,3915.6666666666665,-1080.3333333333333,7
0,2762425666,4087.0,3506.0,581.0,8
0,2762425666,2665.6666666666665,4872.0,-2206.3333333333335,9
0,2762464661,952.0,996.3333333333334,-44.333333333333336,1
0,2762464661,3236.6666666666665,2419.3333333333335,817.3333333333334,2
0,2762464661,1735.0,2635.0,-900.0,3
0,2762464661,2816.3333333333335,3937.0,-1120.6666666666667,4
0,2762464661,2415.0,2714.3333333333335,-299.3333333333333,5
0,2762464661,2366.3333333333335,3646.6666666666665,-1280.3333333333333,6
0,2762464661,2902.0,3578.3333333333335,-676.3333333333334,7
0,2762464661,3319.0,3909.0,-590.0,8
0,2762464661,4636.333333333333,3517.3333333333335,1119.0,9
0,2762513636,1295.75,1052.5,243.25,1
0,2762513636,2573.75,2883.5,-309.75,2
0,2762513636,3811.0,2765.25,1045.75,3
0,2762513636,3386.25,2763.75,622.5,4
0,2762513636,3384.0,3561.5,-177.5,5
0,2762513636,6012.75,3649.5,2363.25,6
0,2762513636,4015.75,3154.75,861.0,7
0,2762513636,3126.0,4080.25,-954.25,8
0,2762513636,6217.0,3730.0,2487.0,9
0,2762583443,953.3333333333334,1001.6666666666666,-48.333333333333336,1
0,2762583443,2795.6666666666665,2175.6666666666665,620.0,2
0,2762583443,2877.3333333333335,2699.6666666666665,177.66666666666666,3
0,2762583443,2928.6666666666665,3680.3333333333335,-751.6666666666666,4
0,2762583443,2395.6666666666665,4256.333333333333,-1860.6666666666667,5
0,2762583443,2161.0,1712.0,449.0,6
0,2762583443,3697.0,1895.6666666666667,1801.3333333333333,7
0,2762583443,2280.0,3246.6666666666665,-966.6666666666666,8
0,2762583443,2760.3333333333335,3241.3333333333335,-481.0,9
0,2762616906,1019.0,958.0,61.0,1
0,2762616906,2674.0,2220.0,454.0,2
0,2762616906,2116.6666666666665,2675.3333333333335,-558.6666666666666,3
0,2762616906,3734.3333333333335,3758.0,-23.666666666666668,4
0,2762616906,3479.6666666666665,3322.0,157.66666666666666,5
0,2762616906,5290.0,2343.6666666666665,2946.3333333333335,6
0,2762616906,2263.0,4653.666666666667,-2390.6666666666665,7
0,2762616906,3691.3333333333335,3391.3333333333335,300.0,8
0,2762616906,4492.666666666667,2078.0,2414.6666666666665,9
0,2762647830,1250.0,1250.0,0.0,1
0,2762647830,1103.5,1220.5,-117.0,2
0,2762647830,3059.0,2649.5,409.5,3
0,2762647830,3023.0,1752.5,1270.5,4
0,2762647830,3349.5,2956.0,393.5,5
0,2762647830,5678.5,2108.5,3570.0,6
0,2762647830,3714.5,3954.0,-239.5,7
0,2762647830,2573.0,4937.0,-2364.0,8
0,2762647830,6269.5,3109.5,3160.0,9
0,2762677429,1250.0,1500.0,-250.0,1
0,2762677429,1219.0,1167.0,52.0,2
0,2762677429,3536.5,3204.0,332.5,3
0,2762677429,2544.5,3193.5,-649.0,4
0,2762677429,2538.5,4345.5,-1807.0,5
0,2762677429,3727.5,1924.5,1803.0,6
0,2762677429,4594.0,2529.5,2064.5,7
0,2762677429,4397.0,2406.5,1990.5,8
0,2762677429,4089.5,2498.0,1591.5,9
0,2762685802,1255.5,1312.0,-56.5,1
0,2762685802,1645.0,1133.0,512.0,2
0,2762685802,2139.0,2810.5,-671.5,3
0,2762685802,2585.0,4024.5,-1439.5,4
0,2762685802,4327.0,2157.0,2170.0,5
0,2762685802,2854.5,3757.5,-903.0,6
0,2762685802,3127.5,2991.0,136.5,7
0,2762685802,6029.5,3324.5,2705.0,8
0,2762685802,3539.0,4152.0,-613.0,9
0,2762716493,983.6666666666666,961.0,22.666666666666668,1
0,2762716493,2806.0,1750.6666666666667,1055.3333333333333,2
0,2762716493,1934.3333333333333,2140.0,-205.66666666666666,3
0,2762716493,2393.6666666666665,2949.0,-555.3333333333334,4
0,2762716493,3040.3333333333335,3657.3333333333335,-617.0,5
0,2762716493,2459.0,4908.0,-2449.0,6
0,2762716493,3876.6666666666665,3354.6666666666665,522.0,7
0,2762716493,4509.333333333333,2672.3333333333335,1837.0,8
0,2762716493,3773.3333333333335,3433.6666666666665,339.6666666666667,9
0,2763199113,1250.0,1250.0,0.0,1
0,2763199113,906.5,1070.0,-163.5,2
0,2763199113,3188.5,2962.5,226.0,3
0,2763199113,2452.5,3803.0,-1350.5,4
0,2763199113,4072.5,3526.5,546.0,5
0,2763199113,2640.0,2437.5,202.5,6
0,2763199113,4729.0,2839.0,1890.0,7
0,2763199113,2790.0,2700.0,90.0,8
0,2763199113,4895.0,3864.0,1031.0,9
0,2763216100,966.0,969.3333333333334,-3.3333333333333335,1
0,2763216100,3257.0,2356.3333333333335,900.6666666666666,2
0,2763216100,4616.666666666667,3188.0,1428.6666666666667,3
0,2763216100,3038.3333333333335,3622.0,-583.6666666666666,4
0,2763216100,3908.3333333333335,3926.0,-17.666666666666668,5
0,2763216100,4969.666666666667,4942.333333333333,27.333333333333332,6
0,2763216100,3709.0,2849.0,860.0,7
0,2763216100,4898.0,3324.0,1574.0,8
0,2763216100,4807.0,3684.3333333333335,1122.6666666666667,9
0,2763625812,1250.0,1250.0,0.0,1
0,2763625812,1186.0,1113.0,73.0,2
0,2763625812,3130.0,2477.0,653.0,3
0,2763625812,1753.5,2771.5,-1018.0,4
0,2763625812,4574.5,3463.0,1111.5,5
0,2763625812,3351.0,2999.0,352.0,6
0,2763625812,6836.0,3047.0,3789.0,7
0,2763625812,2396.5,3665.5,-1269.0,8
0,2763625812,3696.5,2609.5,1087.0,9
0,2764094149,965.3333333333334,957.3333333333334,8.0,1
0,2764094149,2618.3333333333335,2516.6666666666665,101.66666666666667,2
0,2764094149,3186.6666666666665,3552.0,-365.3333333333333,3
0,2764094149,4042.6666666666665,3690.3333333333335,352.3333333333333,4
0,2764094149,2954.3333333333335,3395.0,-440.6666666666667,5
0,2764094149,7088.666666666667,3121.0,3967.6666666666665,6
0,2764094149,3005.6666666666665,3750.6666666666665,-745.0,7
0,2764094149,4689.666666666667,2914.6666666666665,1775.0,8
0,2764094149,3479.3333333333335,2984.3333333333335,495.0,9
0,2764118415,985.0,1094.0,-109.0,1
0,2764118415,2095.3333333333335,2599.0,-503.6666666666667,2
0,2764118415,2565.6666666666665,3833.3333333333335,-1267.6666666666667,3
0,2764118415,3850.3333333333335,2107.0,1743.3333333333333,4
0,2764118415,4375.0,3925.6666666666665,449.3333333333333,5
0,2764118415,2586.3333333333335,4636.0,-2049.6666666666665,6
0,2764118415,3535.0,2921.0,614.0,7
0,2764118415,3876.3333333333335,4487.0,-610.6666666666666,8
0,2764118415,3982.3333333333335,5067.666666666667,-1085.3333333333333,9
0,2764257293,993.6666666666666,956.3333333333334,37.333333333333336,1
0,2764257293,2867.0,2738.0,129.0,2
0,2764257293,4147.333333333333,4269.666666666667,-122.33333333333333,3
0,2764257293,3121.6666666666665,4715.0,-1593.3333333333333,4
0,2764257293,3537.3333333333335,2147.0,1390.3333333333333,5
0,2764257293,3022.3333333333335,3798.6666666666665,-776.3333333333334,6
0,2764257293,4600.0,4843.0,-243.0,7
0,2764257293,3394.6666666666665,3798.3333333333335,-403.6666666666667,8
0,2764257293,3412.0,3502.0,-90.0,9
0,2764321997,1250.0,1300.0,-50.0,1
0,2764321997,924.0,1029.0,-105.0,2
0,2764321997,3455.5,3008.0,447.5,3
0,2764321997,3458.0,2994.0,464.0,4
0,2764321997,3174.5,1727.5,1447.0,5
0,2764321997,4941.5,2727.0,2214.5,6
0,2764321997,7470.5,2924.0,4546.5,7
0,2764321997,2318.5,3192.0,-873.5,8
0,2764321997,2600.0,2609.5,-9.5,9
0,2764362215,2500.0,2500.0,0.0,1
0,2764362215,0.0,0.0,0.0,2
0,2764362215,393.0,393.0,0.0,3
0,2764362215,1806.0,1587.0,219.0,4
0,2764362215,3394.0,1852.0,1542.0,5
0,2764362215,5576.0,3022.0,2554.0,6
0,2764362215,3102.0,4338.0,-1236.0,7
0,2764362215,3016.0,4751.0,-1735.0,8
0,2764362215,5199.0,4685.0,514.0,9
0,2764601921,1250.0,1250.0,0.0,1
0,2764601921,1355.0,880.0,475.0,2
0,2764601921,2046.5,2850.5,-804.0,3
0,2764601921,2619.5,3093.0,-473.5,4
0,2764601921,3639.5,4985.0,-1345.5,5
0,2764601921,2206.5,3450.5,-1244.0,6
0,2764601921,4047.0,4277.0,-230.0,7
0,2764601921,4146.5,3699.5,447.0,8
0,2764601921,2913.5,2553.0,360.5,9
0,2764609800,985.3333333333334,979.0,6.333333333333333,1
0,2764609800,2771.3333333333335,2283.0,488.3333333333333,2
0,2764609800,4633.333333333333,2529.3333333333335,2104.0,3
0,2764609800,3115.3333333333335,3013.3333333333335,102.0,4
0,2764609800,3319.6666666666665,3208.0,111.66666666666667,5
0,2764609800,3102.0,3053.0,49.0,6
0,2764609800,4964.666666666667,3338.3333333333335,1626.3333333333333,7
0,2764609800,4629.0,4272.666666666667,356.3333333333333,8
0,2764609800,3573.6666666666665,3230.3333333333335,343.3333333333333,9
0,2764618872,1233.25,1254.25,-21.0,1
0,2764618872,3056.0,3865.5,-809.5,2
0,2764618872,3292.75,3565.0,-272.25,3
0,2764618872,3540.0,5101.5,-1561.5,4
0,2764618872,4204.25,3580.25,624.0,5
0,2764618872,4481.5,4897.0,-415.5,6
0,2764618872,3628.0,4093.0,-465.0,7
0,2764618872,5445.75,3415.0,2030.75,8
0,2764618872,3794.75,6064.0,-2269.25,9
0,2764632841,1250.0,1250.0,0.0,1
0,2764632841,1250.0,1089.0,161.0,2
0,2764632841,4135.5,3286.0,849.5,3
0,2764632841,3208.0,1690.0,1518.0,4
0,2764632841,2701.5,3352.0,-650.5,5
0,2764632841,4588.5,3229.5,1359.0,6
0,2764632841,2585.0,3209.0,-624.0,7
0,2764632841,5010.5,4077.0,933.5,8
0,2764632841,6075.5,3364.5,2711.0,9
0,2764829911,1338.0,976.3333333333334,361.6666666666667,1
0,2764829911,2591.6666666666665,1993.0,598.6666666666666,2
0,2764829911,2205.3333333333335,2286.0,-80.66666666666667,3
0,2764829911,3185.6666666666665,6707.0,-3521.3333333333335,4
0,2764829911,4009.0,2092.6666666666665,1916.3333333333333,5
0,2764829911,3331.3333333333335,4714.333333333333,-1383.0,6
0,2764829911,3786.3333333333335,3195.6666666666665,590.6666666666666,7
0,2764829911,2692.0,5998.0,-3306.0,8
0,2764829911,2852.3333333333335,2714.3333333333335,138.0,9
0,2765175660,1262.5,1250.0,12.5,1
0,2765175660,1247.0,1111.5,135.5,2
0,2765175660,2802.0,3159.5,-357.5,3
0,2765175660,2665.0,2101.5,563.5,4
0,2765175660,2510.5,2972.0,-461.5,5
0,2765175660,4831.0,866.5,3964.5,6
0,2765175660,3197.0,3237.5,-40.5,7
0,2765175660,4758.5,2262.5,2496.0,8
0,2765175660,5190.5,2501.5,2689.0,9
0,2765289814,999.3333333333334,935.0,64.33333333333333,1
0,2765289814,2359.6666666666665,2287.3333333333335,72.33333333333333,2
0,2765289814,2743.0,2459.3333333333335,283.6666666666667,3
0,2765289814,2902.6666666666665,3132.6666666666665,-230.0,4
0,2765289814,2584.0,4505.333333333333,-1921.3333333333333,5
0,2765289814,2932.6666666666665,2990.0,-57.333333333333336,6
0,2765289814,2338.3333333333335,3726.3333333333335,-1388.0,7
0,2765289814,3643.0,3003.0,640.0,8
0,2765289814,5333.666666666667,3310.6666666666665,2023.0,9
0,2765411393,968.3333333333334,1131.3333333333333,-163.0,1
0,2765411393,2467.0,2138.0,329.0,2
0,2765411393,3354.6666666666665,3159.3333333333335,195.33333333333334,3
0,2765411393,4761.333333333333,3138.0,1623.3333333333333,4
0,2765411393,4312.666666666667,3506.0,806.6666666666666,5
0,2765411393,4303.666666666667,3976.6666666666665,327.0,6
0,2765411393,4797.0,4503.333333333333,293.6666666666667,7
0,2765411393,3681.6666666666665,3273.0,408.6666666666667,8
0,2765411393,4263.666666666667,3218.6666666666665,1045.0,9
0,2765496136,1256.25,1456.25,-200.0,1
0,2765496136,3304.25,3530.25,-226.0,2
0,2765496136,3121.0,2831.75,289.25,3
0,2765496136,3769.25,3978.75,-209.5,4
0,2765496136,3883.5,4213.0,-329.5,5
0,2765496136,4174.5,4223.25,-48.75,6
0,2765496136,4900.5,3134.0,1766.5,7
0,2765496136,2561.75,3472.25,-910.5,8
0,2765496136,4186.75,4533.75,-347.0,9
0,2766260855,1250.0,1250.0,0.0,1
0,2766260855,1076.5,847.0,229.5,2
0,2766260855,2625.5,2392.0,233.5,3
0,2766260855,1946.5,2272.0,-325.5,4
0,2766260855,3238.0,1398.0,1840.0,5
0,2766260855,2902.0,2178.0,724.0,6
0,2766260855,3134.5,3281.0,-146.5,7
0,2766260855,6297.0,2076.5,4220.5,8
0,2766260855,3146.0,1995.5,1150.5,9
0,2766334061,1250.0,1250.0,0.0,1
0,2766334061,1032.0,1547.0,-515.0,2
0,2766334061,3153.5,2919.5,234.0,3
0,2766334061,3904.5,3261.5,643.0,4
0,2766334061,1899.0,3848.5,-1949.5,5
0,2766334061,3109.5,4068.0,-958.5,6
0,2766334061,3885.5,2518.5,1367.0,7
0,2766334061,2903.0,2429.0,474.0,8
0,2766334061,5140.5,2951.0,2189.5,9
0,2766372816,2500.0,2500.0,0.0,1
0,2766372816,50.0,0.0,50.0,2
0,2766372816,541.0,380.0,161.0,3
0,2766372816,1698.0,1585.0,113.0,4
0,2766372816,3754.0,2040.0,1714.0,5
0,2766372816,2903.0,3108.0,-205.0,6
0,2766372816,3100.0,3131.0,-31.0,7
0,2766372816,927.0,1732.0,-805.0,8
0,2766372816,2352.0,2245.0,107.0,9
0,2766377503,983.6666666666666,1002.3333333333334,-18.666666666666668,1
0,2766377503,3257.0,2458.6666666666665,798.3333333333334,2
0,2766377503,3058.6666666666665,3837.6666666666665,-779.0,3
0,2766377503,2763.0,3121.3333333333335,-358.3333333333333,4
0,2766377503,3552.3333333333335,4307.0,-754.6666666666666,5
0,2766377503,6052.666666666667,2877.0,3175.6666666666665,6
0,2766377503,5241.666666666667,3112.6666666666665,2129.0,7
0,2766377503,6230.0,3227.6666666666665,3002.3333333333335,8
0,2766377503,7301.333333333333,2897.3333333333335,4404.0,9
0,2766659449,1008.0,956.0,52.0,1
0,2766659449,2451.6666666666665,2617.3333333333335,-165.66666666666666,2
0,2766659449,2343.3333333333335,4104.333333333333,-1761.0,3
0,2766659449,2808.0,3083.6666666666665,-275.6666666666667,4
0,2766659449,2276.6666666666665,4718.0,-2441.3333333333335,5
0,2766659449,2967.6666666666665,2510.0,457.6666666666667,6
0,2766659449,5040.666666666667,3385.6666666666665,1655.0,7
0,2766659449,6180.333333333333,3248.3333333333335,2932.0,8
0,2766659449,3243.6666666666665,2959.0,284.6666666666667,9
0,2766665600,920.0,980.0,-60.0,1
0,2766665600,2564.6666666666665,3102.6666666666665,-538.0,2
0,2766665600,2569.6666666666665,2930.3333333333335,-360.6666666666667,3
0,2766665600,3980.6666666666665,2966.6666666666665,1014.0,4
0,2766665600,2393.0,4630.666666666667,-2237.6666666666665,5
0,2766665600,2605.3333333333335,2426.6666666666665,178.66666666666666,6
0,2766665600,3116.6666666666665,3859.0,-742.3333333333334,7
0,2766665600,2661.3333333333335,3936.0,-1274.6666666666667,8
0,2766665600,3694.0,3161.0,533.0,9
0,2767154929,2500.0,2500.0,0.0,1
0,2767154929,5.0,0.0,5.0,2
0,2767154929,425.0,381.0,44.0,3
0,2767154929,1845.0,1837.0,8.0,4
0,2767154929,4165.0,3023.0,1142.0,5
0,2767154929,3673.0,2463.0,1210.0,6
0,2767154929,3424.0,4123.0,-699.0,7
0,2767154929,1608.0,1475.0,133.0,8
0,2767154929,3159.0,3181.0,-22.0,9
0,2767171161,1180.0,1326.25,-146.25,1
0,2767171161,2686.75,3028.25,-341.5,2
0,2767171161,4018.75,2700.25,1318.5,3
0,2767171161,3535.0,4551.25,-1016.25,4
0,2767171161,3939.0,3483.5,455.5,5
0,2767171161,3646.5,3783.0,-136.5,6
0,2767171161,4461.5,4580.75,-119.25,7
0,2767171161,2929.75,2999.75,-70.0,8
0,2767171161,3720.25,4457.25,-737.0,9
0,2767188604,1250.0,1500.0,-250.0,1
0,2767188604,1047.0,1276.0,-229.0,2
0,2767188604,2809.0,2792.0,17.0,3
0,2767188604,2938.0,4214.0,-1276.0,4
0,2767188604,1933.0,4104.5,-2171.5,5
0,2767188604,3495.0,4256.0,-761.0,6
0,2767188604,2841.0,2165.5,675.5,7
0,2767188604,4306.0,3391.5,914.5,8
0,2767188604,4690.0,2795.0,1895.0,9
0,2767924911,7000.0,7000.0,0.0,1
0,2767924911,110.0,10.0,100.0,2
0,2767924911,2486.0,2383.0,103.0,3
0,2767924911,3554.0,2885.0,669.0,4
0,2767924911,6287.0,4512.0,1775.0,5
0,2767924911,4209.0,1186.0,3023.0,6
0,2767924911,2379.0,3396.0,-1017.0,7
0,2767924911,4773.0,3428.0,1345.0,8
0,2767924911,5257.0,5499.0,-242.0,9
0,2767937042,7000.0,7000.0,0.0,1
0,2767937042,10.0,1410.0,-1400.0,2
0,2767937042,2251.0,2121.0,130.0,3
0,2767937042,4505.0,4239.0,266.0,4
0,2767937042,6658.0,6502.0,156.0,5
0,2767937042,8871.0,8668.0,203.0,6
0,2767937042,577.0,1833.0,-1256.0,7
0,2767937042,4554.0,2182.0,2372.0,8
0,2767937042,3428.0,1313.0,2115.0,9
0,2767938688,1205.25,1141.0,64.25,1
0,2767938688,2307.5,2919.75,-612.25,2
0,2767938688,3415.25,3974.25,-559.0,3
0,2767938688,2711.0,3717.25,-1006.25,4
0,2767938688,3181.0,4680.5,-1499.5,5
0,2767938688,2917.75,3995.5,-1077.75,6
0,2767938688,2680.0,5386.5,-2706.5,7
0,2767938688,3216.25,5631.0,-2414.75,8
0,2767938688,4453.0,3866.25,586.75,9
0,2767963813,1196.6666666666667,983.0,213.66666666666666,1
0,2767963813,2476.6666666666665,1712.0,764.6666666666666,2
0,2767963813,2704.0,2538.3333333333335,165.66666666666666,3
0,2767963813,3262.3333333333335,1393.3333333333333,1869.0,4
0,2767963813,4058.3333333333335,2236.6666666666665,1821.6666666666667,5
0,2767963813,4201.333333333333,3877.3333333333335,324.0,6
0,2767963813,5339.0,3317.6666666666665,2021.3333333333333,7
0,2767963813,7060.333333333333,3800.0,3260.3333333333335,8
0,2767963813,4939.333333333333,4499.0,440.3333333333333,9
0,2767977557,1250.0,1250.0,0.0,1
0,2767977557,1121.5,1326.0,-204.5,2
0,2767977557,3292.0,2876.0,416.0,3
0,2767977557,3095.0,3577.5,-482.5,4
0,2767977557,3775.5,3048.5,727.0,5
0,2767977557,3360.5,3556.5,-196.0,6
0,2767977557,3315.5,2862.0,453.5,7
0,2767977557,2618.5,4407.0,-1788.5,8
0,2767977557,3842.0,4486.0,-644.0,9
0,2768063473,3655.0,4205.0,-550.0,1
0,2768063473,2590.5,3111.5,-521.0,2
0,2768063473,5255.5,2999.5,2256.0,3
0,2768063473,7590.5,4632.0,2958.5,4
0,2768063473,3468.0,6209.0,-2741.0,5
0,2768063473,7787.0,2459.5,5327.5,6
0,2768063473,5487.0,4244.0,1243.0,7
0,2768063473,7196.5,4298.5,2898.0,8
0,2768063473,6399.0,3721.5,2677.5,9
0,2768067875,1233.0,1087.25,145.75,1
0,2768067875,2103.5,2564.0,-460.5,2
0,2768067875,3059.25,3163.5,-104.25,3
0,2768067875,4549.5,2026.0,2523.5,4
0,2768067875,3778.75,2753.25,1025.5,5
0,2768067875,4674.75,3161.75,1513.0,6
0,2768067875,3879.75,2730.0,1149.75,7
0,2768067875,4549.75,3794.0,755.75,8
0,2768067875,4350.25,3307.0,1043.25,9
0,2768109344,988.3333333333334,997.3333333333334,-9.0,1
0,2768109344,2574.6666666666665,2473.0,101.66666666666667,2
0,2768109344,2525.0,3556.0,-1031.0,3
0,2768109344,3099.3333333333335,2357.6666666666665,741.6666666666666,4
0,2768109344,3846.0,2695.0,1151.0,5
0,2768109344,5741.666666666667,2133.3333333333335,3608.3333333333335,6
0,2768109344,3985.3333333333335,2374.0,1611.3333333333333,7
0,2768109344,4439.333333333333,3974.6666666666665,464.6666666666667,8
0,2768109344,4960.0,4391.666666666667,568.3333333333334,9
0,2768138100,1117.3333333333333,1049.6666666666667,67.66666666666667,1
0,2768138100,2573.0,2826.0,-253.0,2
0,2768138100,3251.3333333333335,3797.0,-545.6666666666666,3
0,2768138100,3358.6666666666665,2948.6666666666665,410.0,4
0,2768138100,3479.3333333333335,3498.6666666666665,-19.333333333333332,5
0,2768138100,4212.666666666667,2983.6666666666665,1229.0,6
0,2768138100,3253.6666666666665,2642.6666666666665,611.0,7
0,2768138100,3016.0,4334.333333333333,-1318.3333333333333,8
0,2768138100,4928.666666666667,4459.666666666667,469.0,9
0,2768217152,7000.0,7000.0,0.0,1
0,2768217152,40.0,110.0,-70.0,2
0,2768217152,2171.0,2511.0,-340.0,3
0,2768217152,2837.0,5498.0,-2661.0,4
0,2768217152,3293.0,6140.0,-2847.0,5
0,2768217152,5848.0,7118.0,-1270.0,6
0,2768217152,1857.0,7215.0,-5358.0,7
0,2768217152,4510.0,8562.0,-4052.0,8
0,2768217152,4665.0,2687.0,1978.0,9
0,2768555906,7000.0,7000.0,0.0,1
0,2768555906,310.0,15.0,295.0,2
0,2768555906,2088.0,2861.0,-773.0,3
0,2768555906,4520.0,4223.0,297.0,4
0,2768555906,6285.0,5557.0,728.0,5
0,2768555906,8031.0,6883.0,1148.0,6
0,2768555906,8257.0,2423.0,5834.0,7
0,2768555906,8346.0,4377.0,3969.0,8
0,2768555906,7361.0,2344.0,5017.0,9
0,2768558409,1567.75,1150.5,417.25,1
0,2768558409,2941.25,3130.5,-189.25,2
0,2768558409,4288.0,2465.25,1822.75,3
0,2768558409,3115.5,2971.75,143.75,4
0,2768558409,3265.0,3630.0,-365.0,5
0,2768558409,3575.0,2889.75,685.25,6
0,2768558409,3949.25,3306.25,643.0,7
0,2768558409,3125.75,3177.5,-51.75,8
0,2768558409,4870.0,3080.75,1789.25,9
0,2768566923,1250.0,1250.0,0.0,1
0,2768566923,1292.5,1031.5,261.0,2
0,2768566923,3600.0,2976.0,624.0,3
0,2768566923,2770.5,3839.5,-1069.0,4
0,2768566923,4471.5,3360.5,1111.0,5
0,2768566923,3425.0,3547.5,-122.5,6
0,2768566923,3354.5,3731.0,-376.5,7
0,2768566923,3946.0,2866.0,1080.0,8
0,2768566923,5078.0,3011.5,2066.5,9
0,2768592863,3550.0,4422.5,-872.5,1
0,2768592863,3257.5,3634.0,-376.5,2
0,2768592863,7229.5,3380.0,3849.5,3
0,2768592863,5047.0,4247.0,800.0,4
0,2768592863,3482.0,4774.5,-1292.5,5
0,2768592863,2875.0,3611.5,-736.5,6
0,2768592863,4703.5,3242.5,1461.0,7
0,2768592863,5581.0,3255.5,2325.5,8
0,2768592863,5974.5,5114.5,860.0,9
0,2768618415,3612.5,3642.5,-30.0,1
0,2768618415,3021.5,3365.5,-344.0,2
0,2768618415,5063.5,3689.0,1374.5,3
0,2768618415,6047.0,4646.5,1400.5,4
0,2768618415,3408.0,5153.0,-1745.0,5
0,2768618415,5072.0,4440.0,632.0,6
0,2768618415,5490.5,2340.0,3150.5,7
0,2768618415,5448.5,3549.5,1899.0,8
0,2768618415,5002.0,3024.5,1977.5,9
0,2769465655,1145.3333333333333,969.0,176.33333333333334,1
0,2769465655,2459.0,1964.0,495.0,2
0,2769465655,2692.6666666666665,2578.0,114.66666666666667,3
0,2769465655,3248.0,4707.666666666667,-1459.6666666666667,4
0,2769465655,5135.666666666667,2576.0,2559.6666666666665,5
0,2769465655,4332.0,4742.666666666667,-410.6666666666667,6
0,2769465655,4211.0,3301.6666666666665,909.3333333333334,7
0,2769465655,3044.0,4038.3333333333335,-994.3333333333334,8
0,2769465655,4829.666666666667,1759.6666666666667,3070.0,9
0,2769526251,976.0,1158.0,-182.0,1
0,2769526251,2489.0,2835.6666666666665,-346.6666666666667,2
0,2769526251,3176.6666666666665,2791.3333333333335,385.3333333333333,3
0,2769526251,2975.0,2616.3333333333335,358.6666666666667,4
0,2769526251,3637.3333333333335,2066.6666666666665,1570.6666666666667,5
0,2769526251,4729.666666666667,3109.0,1620.6666666666667,6
0,2769526251,3581.0,2270.3333333333335,1310.6666666666667,7
0,2769526251,4986.333333333333,4468.333333333333,518.0,8
0,2769526251,4507.0,3331.0,1176.0,9
0,2769552725,1732.0,1262.5,469.5,1
0,2769552725,1325.0,1181.5,143.5,2
0,2769552725,3588.5,2175.5,1413.0,3
0,2769552725,2275.0,2315.5,-40.5,4
0,2769552725,4156.5,2873.5,1283.0,5
0,2769552725,2615.5,1752.0,863.5,6
0,2769552725,4174.0,2589.5,1584.5,7
0,2769552725,7093.5,3273.5,3820.0,8
0,2769552725,4844.5,3541.0,1303.5,9
0,2769605360,971.0,992.6666666666666,-21.666666666666668,1
0,2769605360,2511.3333333333335,2705.3333333333335,-194.0,2
0,2769605360,2291.0,1712.3333333333333,578.6666666666666,3
0,2769605360,2125.6666666666665,3376.3333333333335,-1250.6666666666667,4
0,2769605360,2894.6666666666665,3639.3333333333335,-744.6666666666666,5
0,2769605360,3555.0,2277.0,1278.0,6
0,2769605360,3544.0,3525.0,19.0,7
0,2769605360,3667.3333333333335,3865.3333333333335,-198.0,8
0,2769605360,4544.333333333333,2804.6666666666665,1739.6666666666667,9
0,2769653710,941.3333333333334,1120.6666666666667,-179.33333333333334,1
0,2769653710,2632.3333333333335,2020.0,612.3333333333334,2
0,2769653710,3338.6666666666665,2404.3333333333335,934.3333333333334,3
0,2769653710,2496.3333333333335,2539.6666666666665,-43.333333333333336,4
0,2769653710,4658.666666666667,2907.3333333333335,1751.3333333333333,5
0,2769653710,3408.3333333333335,4156.333333333333,-748.0,6
0,2769653710,2775.3333333333335,3073.3333333333335,-298.0,7
0,2769653710,5732.0,3084.0,2648.0,8
0,2769653710,4592.666666666667,2765.0,1827.6666666666667,9
0,2770003092,1250.0,1250.0,0.0,1
0,2770003092,1259.5,1237.5,22.0,2
0,2770003092,4233.5,2798.0,1435.5,3
0,2770003092,1872.0,2295.0,-423.0,4
0,2770003092,4120.0,2773.0,1347.0,5
0,2770003092,7214.0,3490.5,3723.5,6
0,2770003092,3794.0,3093.5,700.5,7
0,2770003092,5262.5,2253.5,3009.0,8
0,2770003092,7409.5,1886.0,5523.5,9
0,2771251363,2500.0,2500.0,0.0,1
0,2771251363,0.0,10.0,-10.0,2
0,2771251363,445.0,373.0,72.0,3
0,2771251363,2669.0,1400.0,1269.0,4
0,2771251363,3260.0,2440.0,820.0,5
0,2771251363,1028.0,1557.0,-529.0,6
0,2771251363,2611.0,1997.0,614.0,7
0,2771251363,3872.0,2530.0,1342.0,8
0,2771251363,2207.0,1951.0,256.0,9
0,2771259537,971.3333333333334,1141.3333333333333,-170.0,1
0,2771259537,2103.6666666666665,3023.6666666666665,-920.0,2
0,2771259537,3359.6666666666665,3256.3333333333335,103.33333333333333,3
0,2771259537,2855.6666666666665,1953.6666666666667,902.0,4
0,2771259537,4111.666666666667,3661.0,450.6666666666667,5
0,2771259537,7153.666666666667,1939.6666666666667,5214.0,6
0,2771259537,3453.6666666666665,3734.6666666666665,-281.0,7
0,2771259537,3652.3333333333335,3760.0,-107.66666666666667,8
0,2771259537,3968.0,6578.666666666667,-2610.6666666666665,9
0,2771284780,1022.3333333333334,979.3333333333334,43.0,1
0,2771284780,2029.3333333333333,2585.0,-555.6666666666666,2
0,2771284780,2330.3333333333335,2700.3333333333335,-370.0,3
0,2771284780,3420.0,4102.0,-682.0,4
0,2771284780,3492.3333333333335,5410.666666666667,-1918.3333333333333,5
0,2771284780,3197.6666666666665,3366.6666666666665,-169.0,6
0,2771284780,3939.0,4110.666666666667,-171.66666666666666,7
0,2771284780,3999.6666666666665,3134.6666666666665,865.0,8
0,2771284780,4033.6666666666665,3117.0,916.6666666666666,9
0,2771292493,1250.0,1250.0,0.0,1
0,2771292493,1305.0,644.0,661.0,2
0,2771292493,2379.5,2091.5,288.0,3
0,2771292493,3187.5,1664.0,1523.5,4
0,2771292493,5241.5,2047.0,3194.5,5
0,2771292493,5416.5,1820.0,3596.5,6
0,2771292493,5951.0,1894.5,4056.5,7
0,2771292493,3749.5,3400.5,349.0,8
0,2771292493,6896.0,1826.5,5069.5,9
0,2771536510,1250.0,1250.0,0.0,1
0,2771536510,944.5,1426.5,-482.0,2
0,2771536510,2571.5,3796.0,-1224.5,3
0,2771536510,3954.0,3462.0,492.0,4
0,2771536510,2692.5,2729.0,-36.5,5
0,2771536510,3131.0,3254.0,-123.0,6
0,2771536510,2633.0,5920.5,-3287.5,7
0,2771536510,4044.5,4617.0,-572.5,8
0,2771536510,3452.5,4487.5,-1035.0,9
0,2771545351,1535.0,1300.0,235.0,1
0,2771545351,1778.0,979.5,798.5,2
0,2771545351,2146.0,2475.5,-329.5,3
0,2771545351,2855.5,2069.0,786.5,4
0,2771545351,6117.0,1492.0,4625.0,5
0,2771545351,2805.0,2560.0,245.0,6
0,2771545351,2725.0,3119.5,-394.5,7
0,2771545351,3486.5,2235.5,1251.0,8
0,2771545351,2428.0,4512.0,-2084.0,9
0,2771573486,986.0,1002.0,-16.0,1
0,2771573486,2786.0,1954.6666666666667,831.3333333333334,2
0,2771573486,2114.6666666666665,2451.3333333333335,-336.6666666666667,3
0,2771573486,4465.333333333333,2132.0,2333.3333333333335,4
0,2771573486,6239.333333333333,2784.3333333333335,3455.0,5
0,2771573486,3395.6666666666665,2211.6666666666665,1184.0,6
0,2771573486,4476.0,1934.3333333333333,2541.6666666666665,7
0,2771573486,4527.333333333333,2585.0,1942.3333333333333,8
0,2771573486,5902.0,1919.0,3983.0,9
0,2771727747,984.0,955.0,29.0,1
0,2771727747,3404.3333333333335,2739.6666666666665,664.6666666666666,2
0,2771727747,2712.0,2186.3333333333335,525.6666666666666,3
0,2771727747,3380.3333333333335,3351.3333333333335,29.0,4
0,2771727747,3858.3333333333335,3126.3333333333335,732.0,5
0,2771727747,4878.333333333333,3034.6666666666665,1843.6666666666667,6
0,2771727747,3141.3333333333335,4909.666666666667,-1768.3333333333333,7
0,2771727747,3193.3333333333335,3531.6666666666665,-338.3333333333333,8
0,2771727747,8581.333333333334,2492.6666666666665,6088.666666666667,9
0,2771749779,1250.0,1250.0,0.0,1
0,2771749779,949.0,1048.5,-99.5,2
0,2771749779,3956.0,2356.5,1599.5,3
0,2771749779,2721.5,2716.0,5.5,4
0,2771749779,3449.0,3890.0,-441.0,5
0,2771749779,3704.0,1859.5,1844.5,6
0,2771749779,3707.5,3251.0,456.5,7
0,2771749779,3490.0,2497.5,992.5,8
0,2771749779,2649.5,2484.0,165.5,9
0,2771791886,2500.0,2500.0,0.0,1
0,2771791886,0.0,5.0,-5.0,2
0,2771791886,914.0,472.0,442.0,3
0,2771791886,2161.0,1272.0,889.0,4
0,2771791886,3421.0,2817.0,604.0,5
0,2771791886,4988.0,3226.0,1762.0,6
0,2771791886,3992.0,3786.0,206.0,7
0,2771791886,4673.0,3763.0,910.0,8
0,2771791886,2129.0,1725.0,404.0,9
0,2771803977,1020.75,1857.5,-836.75,1
0,2771803977,2376.5,2897.0,-520.5,2
0,2771803977,3051.5,3277.5,-226.0,3
0,2771803977,2795.75,3831.0,-1035.25,4
0,2771803977,3437.5,3866.75,-429.25,5
0,2771803977,4059.5,5119.0,-1059.5,6
0,2771803977,3180.0,4351.25,-1171.25,7
0,2771803977,4523.75,2372.75,2151.0,8
0,2771803977,5805.0,3938.0,1867.0,9
0,2771809200,948.6666666666666,983.0,-34.333333333333336,1
0,2771809200,1817.6666666666667,2695.3333333333335,-877.6666666666666,2
0,2771809200,2484.0,1976.0,508.0,3
0,2771809200,3521.0,2868.6666666666665,652.3333333333334,4
0,2771809200,2319.0,5371.0,-3052.0,5
0,2771809200,4478.0,2937.0,1541.0,6
0,2771809200,4884.666666666667,2947.6666666666665,1937.0,7
0,2771809200,3531.3333333333335,3324.3333333333335,207.0,8
0,2771809200,2790.0,3016.6666666666665,-226.66666666666666,9
0,2771864592,979.3333333333334,962.0,17.333333333333332,1
0,2771864592,2673.6666666666665,2836.3333333333335,-162.66666666666666,2
0,2771864592,3444.6666666666665,1953.6666666666667,1491.0,3
0,2771864592,2834.0,3971.6666666666665,-1137.6666666666667,4
0,2771864592,3201.6666666666665,2716.3333333333335,485.3333333333333,5
0,2771864592,2916.6666666666665,5399.0,-2482.3333333333335,6
0,2771864592,2185.3333333333335,4275.666666666667,-2090.3333333333335,7
0,2771864592,3657.0,4559.0,-902.0,8
0,2771864592,3078.0,5212.666666666667,-2134.6666666666665,9
0,2771872510,1500.0,1250.0,250.0,1
0,2771872510,1301.5,1075.5,226.0,2
0,2771872510,2355.5,3497.5,-1142.0,3
0,2771872510,1917.5,3867.0,-1949.5,4
0,2771872510,4655.5,2046.5,2609.0,5
0,2771872510,2701.5,2997.0,-295.5,6
0,2771872510,3188.5,2332.0,856.5,7
0,2771872510,3981.5,3491.0,490.5,8
0,2771872510,2517.0,3994.0,-1477.0,9
0,2771903038,1250.0,1250.0,0.0,1
0,2771903038,1128.0,1131.5,-3.5,2
0,2771903038,2971.5,2830.5,141.0,3
0,2771903038,2976.0,2006.5,969.5,4
0,2771903038,3213.5,2056.5,1157.0,5
0,2771903038,2856.0,2302.0,554.0,6
0,2771903038,5511.0,1712.5,3798.5,7
0,2771903038,6865.0,3099.0,3766.0,8
0,2771903038,4343.5,4204.0,139.5,9
0,2771917278,1272.75,1127.0,145.75,1
0,2771917278,2422.25,3076.0,-653.75,2
0,2771917278,3491.0,3060.5,430.5,3
0,2771917278,3440.0,5107.5,-1667.5,4
0,2771917278,3877.25,4070.75,-193.5,5
0,2771917278,4129.25,4335.0,-205.75,6
0,2771917278,6854.75,2968.0,3886.75,7
0,2771917278,3644.0,2275.75,1368.25,8
0,2771917278,4090.25,4697.75,-607.5,9
0,2772353094,1250.0,1250.0,0.0,1
0,2772353094,1431.0,950.0,481.0,2
0,2772353094,3277.5,3060.0,217.5,3
0,2772353094,3452.0,2797.0,655.0,4
0,2772353094,2131.0,1747.5,383.5,5
0,2772353094,3233.5,1296.0,1937.5,6
0,2772353094,4696.5,2681.5,2015.0,7
0,2772353094,5704.5,2076.5,3628.0,8
0,2772353094,4964.0,1647.0,3317.0,9
0,2772792075,1232.3333333333333,989.3333333333334,243.0,1
0,2772792075,3260.0,2083.6666666666665,1176.3333333333333,2
0,2772792075,2536.6666666666665,3132.0,-595.3333333333334,3
0,2772792075,3495.6666666666665,5218.0,-1722.3333333333333,4
0,2772792075,2625.0,3632.0,-1007.0,5
0,2772792075,3357.0,3980.6666666666665,-623.6666666666666,6
0,2772792075,3132.3333333333335,6489.666666666667,-3357.3333333333335,7
0,2772792075,4262.333333333333,2507.3333333333335,1755.0,8
0,2772792075,4142.333333333333,2883.0,1259.3333333333333,9
0,2772870576,992.6666666666666,954.0,38.666666666666664,1
0,2772870576,2551.3333333333335,2321.3333333333335,230.0,2
0,2772870576,3258.0,2932.0,326.0,3
0,2772870576,5736.333333333333,1652.6666666666667,4083.6666666666665,4
0,2772870576,4751.0,2612.6666666666665,2138.3333333333335,5
0,2772870576,4012.0,3396.3333333333335,615.6666666666666,6
0,2772870576,5327.0,1788.6666666666667,3538.3333333333335,7
0,2772870576,6851.0,2239.6666666666665,4611.333333333333,8
0,2772870576,3896.0,2811.3333333333335,1084.6666666666667,9
0,2773165414,961.0,975.6666666666666,-14.666666666666666,1
0,2773165414,2465.0,2574.3333333333335,-109.33333333333333,2
0,2773165414,2430.3333333333335,2658.0,-227.66666666666666,3
0,2773165414,4104.666666666667,4534.0,-429.3333333333333,4
0,2773165414,3147.3333333333335,4082.6666666666665,-935.3333333333334,5
0,2773165414,3133.3333333333335,3899.0,-765.6666666666666,6
0,2773165414,3430.6666666666665,3251.6666666666665,179.0,7
0,2773165414,5548.0,4275.0,1273.0,8
0,2773165414,4398.333333333333,3110.0,1288.3333333333333,9
0,2773192434,1250.0,1250.0,0.0,1
0,2773192434,1468.5,1127.0,341.5,2
0,2773192434,3613.5,2587.5,1026.0,3
0,2773192434,2503.5,2642.0,-138.5,4
0,2773192434,4482.5,3682.0,800.5,5
0,2773192434,4924.0,3509.5,1414.5,6
0,2773192434,4722.5,3864.5,858.0,7
0,2773192434,3717.0,2623.5,1093.5,8
0,2773192434,3830.5,2987.5,843.0,9
0,2773422517,1250.0,1250.0,0.0,1
0,2773422517,1233.5,960.0,273.5,2
0,2773422517,4020.5,2384.0,1636.5,3
0,2773422517,2308.5,1373.0,935.5,4
0,2773422517,4439.0,2679.0,1760.0,5
0,2773422517,3372.0,2903.5,468.5,6
0,2773422517,2685.5,1888.0,797.5,7
0,2773422517,5020.0,4065.5,954.5,8
0,2773422517,2461.0,2706.0,-245.0,9
0,2775572322,1250.0,1250.0,0.0,1
0,2775572322,1425.5,1004.5,421.0,2
0,2775572322,2464.0,2762.0,-298.0,3
0,2775572322,2927.0,3254.5,-327.5,4
0,2775572322,2564.0,2771.0,-207.0,5
0,2775572322,2291.5,2992.0,-700.5,6
0,2775572322,5059.0,2763.5,2295.5,7
0,2775572322,4067.0,2055.0,2012.0,8
0,2775572322,4903.5,2695.0,2208.5,9
0,2776436636,7000.0,7000.0,0.0,1
0,2776436636,125.0,1460.0,-1335.0,2
0,2776436636,2230.0,3535.0,-1305.0,3
0,2776436636,3995.0,3410.0,585.0,4
0,2776436636,4993.0,5179.0,-186.0,5
0,2776436636,7188.0,7414.0,-226.0,6
0,2776436636,10822.0,5783.0,5039.0,7
0,2776436636,9205.0,6232.0,2973.0,8
0,2776436636,11463.0,2352.0,9111.0,9
0,2780101883,1405.0,1105.25,299.75,1
0,2780101883,3338.0,1889.25,1448.75,2
0,2780101883,4486.5,2847.75,1638.75,3
0,2780101883,4906.75,2472.25,2434.5,4
0,2780101883,3567.0,3733.25,-166.25,5
0,2780101883,2906.0,2949.0,-43.0,6
0,2780101883,6238.75,2575.25,3663.5,7
0,2780101883,4370.0,3316.0,1054.0,8
0,2780101883,5314.0,3547.75,1766.25,9
0,2781870280,2500.0,2500.0,0.0,1
0,2781870280,0.0,0.0,0.0,2
0,2781870280,518.0,458.0,60.0,3
0,2781870280,2047.0,1845.0,202.0,4
0,2781870280,3902.0,2784.0,1118.0,5
0,2781870280,3538.0,2749.0,789.0,6
0,2781870280,4168.0,2757.0,1411.0,7
0,2781870280,4828.0,2404.0,2424.0,8
0,2781870280,1805.0,3069.0,-1264.0,9
0,2850871260,1250.0,1250.0,0.0,1
0,2850871260,1330.0,882.0,448.0,2
0,2850871260,1816.5,2784.0,-967.5,3
0,2850871260,5047.5,3198.0,1849.5,4
0,2850871260,3176.0,3130.0,46.0,5
0,2850871260,4651.0,4082.5,568.5,6
0,2850871260,3434.5,2586.5,848.0,7
0,2850871260,5282.5,3847.0,1435.5,8
0,2850871260,4175.5,2689.0,1486.5,9
0,2854948461,1262.5,1250.0,12.5,1
0,2854948461,1387.0,1218.5,168.5,2
0,2854948461,2037.0,2302.0,-265.0,3
0,2854948461,3206.5,2231.5,975.0,4
0,2854948461,2812.0,2073.5,738.5,5
0,2854948461,4198.0,2306.0,1892.0,6
0,2854948461,4956.0,2337.5,2618.5,7
0,2854948461,4613.0,2197.5,2415.5,8
0,2854948461,5271.5,2387.0,2884.5,9
0,2855363380,7000.0,7000.0,0.0,1
0,2855363380,360.0,0.0,360.0,2
0,2855363380,2535.0,2345.0,190.0,3
0,2855363380,5503.0,4654.0,849.0,4
0,2855363380,3309.0,1608.0,1701.0,5
0,2855363380,6483.0,3841.0,2642.0,6
0,2855363380,6355.0,5490.0,865.0,7
0,2855363380,4351.0,2144.0,2207.0,8
0,2855363380,3012.0,5043.0,-2031.0,9
0,2855564190,7000.0,7000.0,0.0,1
0,2855564190,15.0,315.0,-300.0,2
0,2855564190,2153.0,2445.0,-292.0,3
0,2855564190,2026.0,4214.0,-2188.0,4
0,2855564190,4368.0,6425.0,-2057.0,5
0,2855564190,2939.0,5616.0,-2677.0,6
0,2855564190,2780.0,4684.0,-1904.0,7
0,2855564190,2243.0,6735.0,-4492.0,8
0,2855564190,3635.0,4883.0,-1248.0,9
0,2881105278,1173.75,1130.5,43.25,1
0,2881105278,2194.0,2782.25,-588.25,2
0,2881105278,2164.75,2917.0,-752.25,3
0,2881105278,2585.75,3551.25,-965.5,4
0,2881105278,2910.25,3853.0,-942.75,5
0,2881105278,5351.75,3178.5,2173.25,6
0,2881105278,3741.0,3333.75,407.25,7
0,2881105278,5007.25,6253.5,-1246.25,8
0,2881105278,5818.75,3286.0,2532.75,9
0,2881149253,1250.0,1250.0,0.0,1
0,2881149253,1208.5,943.0,265.5,2
0,2881149253,3120.0,2693.5,426.5,3
0,2881149253,2811.5,3652.5,-841.0,4
0,2881149253,2057.0,1818.5,238.5,5
0,2881149253,2709.0,2737.0,-28.0,6
0,2881149253,3851.0,1980.0,1871.0,7
0,2881149253,5100.0,1931.5,3168.5,8
0,2881149253,2846.0,3329.5,-483.5,9
0,2881543069,3659.5,3877.0,-217.5,1
0,2881543069,2795.0,3825.5,-1030.5,2
0,2881543069,5551.0,3637.5,1913.5,3
0,2881543069,3529.0,6569.0,-3040.0,4
0,2881543069,4815.0,8937.0,-4122.0,5
0,2881543069,4301.5,7473.0,-3171.5,6
0,2881543069,3342.0,4130.0,-788.0,7
0,2881543069,5056.5,5150.5,-94.0,8
0,2881543069,4162.0,7838.5,-3676.5,9
0,2881606118,939.3333333333334,1130.3333333333333,-191.0,1
0,2881606118,2935.6666666666665,2121.3333333333335,814.3333333333334,2
0,2881606118,2603.3333333333335,2708.0,-104.66666666666667,3
0,2881606118,3286.6666666666665,3495.0,-208.33333333333334,4
0,2881606118,3903.3333333333335,3350.0,553.3333333333334,5
0,2881606118,1865.3333333333333,3720.3333333333335,-1855.0,6
0,2881606118,2827.3333333333335,3632.0,-804.6666666666666,7
0,2881606118,4269.0,3305.0,964.0,8
0,2881606118,3823.3333333333335,3461.3333333333335,362.0,9
0,2881611520,3625.0,3745.0,-120.0,1
0,2881611520,3289.5,3269.0,20.5,2
0,2881611520,4084.5,3713.5,371.0,3
0,2881611520,7461.5,4734.5,2727.0,4
0,2881611520,6997.0,2590.0,4407.0,5
0,2881611520,3416.5,2559.0,857.5,6
0,2881611520,6275.5,2854.0,3421.5,7
0,2881611520,5076.0,5856.0,-780.0,8
0,2881611520,6036.5,5133.0,903.5,9
0,2881639070,953.6666666666666,970.6666666666666,-17.0,1
0,2881639070,2332.0,2366.3333333333335,-34.333333333333336,2
0,2881639070,2409.0,3967.0,-1558.0,3
0,2881639070,3104.0,2854.3333333333335,249.66666666666666,4
0,2881639070,4884.0,3563.3333333333335,1320.6666666666667,5
0,2881639070,2297.0,3251.6666666666665,-954.6666666666666,6
0,2881639070,3517.6666666666665,3941.6666666666665,-424.0,7
0,2881639070,3278.3333333333335,4526.666666666667,-1248.3333333333333,8
0,2881639070,6757.0,3868.3333333333335,2888.6666666666665,9
0,2881651487,7000.0,7000.0,0.0,1
0,2881651487,3.0,90.0,-87.0,2
0,2881651487,2102.0,2320.0,-218.0,3
0,2881651487,4285.0,4623.0,-338.0,4
0,2881651487,4645.0,7786.0,-3141.0,5
0,2881651487,4188.0,3886.0,302.0,6
0,2881651487,8749.0,1090.0,7659.0,7
0,2881651487,4236.0,4619.0,-383.0,8
0,2881651487,4701.0,4758.0,-57.0,9
0,2881902356,7000.0,7000.0,0.0,1
0,2881902356,250.0,260.0,-10.0,2
0,2881902356,2751.0,2388.0,363.0,3
0,2881902356,3955.0,5658.0,-1703.0,4
0,2881902356,4357.0,2937.0,1420.0,5
0,2881902356,5185.0,4078.0,1107.0,6
0,2881902356,5021.0,6149.0,-1128.0,7
0,2881902356,2065.0,7730.0,-5665.0,8
0,2881902356,3619.0,6012.0,-2393.0,9
0,2881925913,3650.0,3525.0,125.0,1
0,2881925913,3716.0,3353.0,363.0,2
0,2881925913,7014.5,6548.5,466.0,3
0,2881925913,7343.0,4817.5,2525.5,4
0,2881925913,7944.5,5833.0,2111.5,5
0,2881925913,6097.5,6955.5,-858.0,6
0,2881925913,10236.0,4304.0,5932.0,7
0,2881925913,2370.0,7497.5,-5127.5,8
0,2881925913,4864.0,2452.0,2412.0,9
0,2881979258,3500.0,3600.0,-100.0,1
0,2881979258,4533.5,3185.5,1348.0,2
0,2881979258,5056.5,3669.5,1387.0,3
0,2881979258,6957.0,4161.0,2796.0,4
0,2881979258,3817.5,3156.5,661.0,5
0,2881979258,3282.5,4378.5,-1096.0,6
0,2881979258,1673.0,3980.0,-2307.0,7
0,2881979258,4088.0,4145.5,-57.5,8
0,2881979258,3037.0,3644.5,-607.5,9
0,2882184322,1283.0,928.0,355.0,1
0,2882184322,2903.3333333333335,1522.0,1381.3333333333333,2
0,2882184322,3126.3333333333335,2436.3333333333335,690.0,3
0,2882184322,4085.0,2535.3333333333335,1549.6666666666667,4
0,2882184322,2530.3333333333335,3645.3333333333335,-1115.0,5
0,2882184322,2364.0,3347.3333333333335,-983.3333333333334,6
0,2882184322,3499.6666666666665,3614.0,-114.33333333333333,7
0,2882184322,3037.6666666666665,2034.0,1003.6666666666666,8
0,2882184322,3906.3333333333335,2241.0,1665.3333333333333,9
0,2882196619,1255.0,1250.0,5.0,1
0,2882196619,1286.0,900.0,386.0,2
0,2882196619,2430.5,2921.5,-491.0,3
0,2882196619,3257.5,2734.0,523.5,4
0,2882196619,4277.0,3141.5,1135.5,5
0,2882196619,2921.0,3661.5,-740.5,6
0,2882196619,4460.5,2783.0,1677.5,7
0,2882196619,3008.0,5310.5,-2302.5,8
0,2882196619,3788.5,1765.0,2023.5,9
0,2882377986,1250.0,1500.0,-250.0,1
0,2882377986,1159.5,1054.0,105.5,2
0,2882377986,4238.5,2714.0,1524.5,3
0,2882377986,2768.5,2583.0,185.5,4
0,2882377986,3849.0,4065.5,-216.5,5
0,2882377986,4247.0,982.5,3264.5,6
0,2882377986,4445.0,2783.5,1661.5,7
0,2882377986,5622.5,3592.0,2030.5,8
0,2882377986,3878.5,1811.5,2067.0,9
0,2882404041,970.6666666666666,993.6666666666666,-23.0,1
0,2882404041,2602.0,2741.6666666666665,-139.66666666666666,2
0,2882404041,2489.6666666666665,2472.3333333333335,17.333333333333332,3
0,2882404041,3437.3333333333335,2447.0,990.3333333333334,4
0,2882404041,2461.0,3668.0,-1207.0,5
0,2882404041,3567.0,2752.0,815.0,6
0,2882404041,1402.6666666666667,4534.0,-3131.3333333333335,7
0,2882404041,2503.3333333333335,3103.6666666666665,-600.3333333333334,8
0,2882404041,3029.3333333333335,4101.333333333333,-1072.0,9
0,2882599977,3500.0,3675.0,-175.0,1
0,2882599977,3922.0,2460.5,1461.5,2
0,2882599977,4396.0,3942.5,453.5,3
0,2882599977,2758.0,5356.0,-2598.0,4
0,2882599977,3711.5,6445.5,-2734.0,5
0,2882599977,3909.0,7142.5,-3233.5,6
0,2882599977,2813.0,6586.5,-3773.5,7
0,2882599977,3205.5,3893.0,-687.5,8
0,2882599977,3451.5,5444.0,-1992.5,9
0,2883371999,7000.0,7000.0,0.0,1
0,2883371999,125.0,465.0,-340.0,2
0,2883371999,1759.0,3423.0,-1664.0,3
0,2883371999,2872.0,3305.0,-433.0,4
0,2883371999,3612.0,3095.0,517.0,5
0,2883371999,3224.0,2069.0,1155.0,6
0,2883371999,2169.0,3844.0,-1675.0,7
0,2883371999,3178.0,5284.0,-2106.0,8
0,2883371999,6326.0,4945.0,1381.0,9
0,2883427022,3532.5,3710.0,-177.5,1
0,2883427022,3245.5,1779.0,1466.5,2
0,2883427022,3824.5,4241.0,-416.5,3
0,2883427022,3508.0,1684.5,1823.5,4
0,2883427022,2067.5,6522.5,-4455.0,5
0,2883427022,2711.5,6837.5,-4126.0,6
0,2883427022,3897.5,6098.5,-2201.0,7
0,2883427022,3127.0,6206.5,-3079.5,8
0,2883427022,5599.0,3680.5,1918.5,9
0,2883906190,3512.5,3737.5,-225.0,1
0,2883906190,2648.0,3555.0,-907.0,2
0,2883906190,5239.5,3441.5,1798.0,3
0,2883906190,5372.5,3090.0,2282.5,4
0,2883906190,4190.5,5593.0,-1402.5,5
0,2883906190,6102.5,7698.5,-1596.0,6
0,2883906190,6234.5,2907.5,3327.0,7
0,2883906190,2253.0,3138.0,-885.0,8
0,2883906190,4735.5,3675.0,1060.5,9
0,2883921515,3780.0,3660.0,120.0,1
0,2883921515,3398.0,2845.0,553.0,2
0,2883921515,3787.0,6660.0,-2873.0,3
0,2883921515,2486.0,5546.0,-3060.0,4
0,2883921515,4050.0,4092.0,-42.0,5
0,2883921515,4851.0,3297.0,1554.0,6
0,2883921515,3373.5,6205.0,-2831.5,7
0,2883921515,3156.5,5692.5,-2536.0,8
0,2883921515,4426.5,5113.0,-686.5,9
0,2884677921,7000.0,7000.0,0.0,1
0,2884677921,200.0,165.0,35.0,2
0,2884677921,2885.0,2210.0,675.0,3
0,2884677921,4516.0,3326.0,1190.0,4
0,2884677921,5970.0,3504.0,2466.0,5
0,2884677921,5505.0,3086.0,2419.0,6
0,2884677921,5623.0,2643.0,2980.0,7
0,2884677921,5183.0,4212.0,971.0,8
0,2884677921,1482.0,3692.0,-2210.0,9
0,2885190147,3575.0,3525.0,50.0,1
0,2885190147,2842.5,2628.0,214.5,2
0,2885190147,5852.5,3660.0,2192.5,3
0,2885190147,3783.5,4754.0,-970.5,4
0,2885190147,6483.5,2274.5,4209.0,5
0,2885190147,8724.5,2794.0,5930.5,6
0,2885190147,2665.5,3639.5,-974.0,7
0,2885190147,4854.0,4259.5,594.5,8
0,2885190147,5004.5,4446.0,558.5,9
0,2885270895,3587.5,3695.0,-107.5,1
0,2885270895,3201.0,3061.0,140.0,2
0,2885270895,4653.0,3895.0,758.0,3
0,2885270895,2943.5,5930.5,-2987.0,4
0,2885270895,5881.0,6070.5,-189.5,5
0,2885270895,4641.0,2748.0,1893.0,6
0,2885270895,3261.5,5312.5,-2051.0,7
0,2885270895,3799.5,3658.0,141.5,8
0,2885270895,4924.5,3566.5,1358.0,9
0,2885705149,7000.0,7000.0,0.0,1
0,2885705149,1450.0,100.0,1350.0,2
0,2885705149,2002.0,2108.0,-106.0,3
0,2885705149,4592.0,4232.0,360.0,4
0,2885705149,4903.0,6151.0,-1248.0,5
0,2885705149,7058.0,7545.0,-487.0,6
0,2885705149,6495.0,2095.0,4400.0,7
0,2885705149,5956.0,4745.0,1211.0,8
0,2885705149,8328.0,3630.0,4698.0,9
0,2885742196,3525.0,3582.5,-57.5,1
0,2885742196,2394.0,4064.0,-1670.0,2
0,2885742196,5227.5,5445.0,-217.5,3
0,2885742196,4050.0,4249.0,-199.0,4
0,2885742196,3191.0,3348.5,-157.5,5
0,2885742196,5814.5,3613.0,2201.5,6
0,2885742196,5248.0,3821.0,1427.0,7
0,2885742196,2123.5,6859.5,-4736.0,8
0,2885742196,4245.0,9357.5,-5112.5,9
0,2886410014,3582.5,3582.5,0.0,1
0,2886410014,3262.5,3287.5,-25.0,2
0,2886410014,3608.5,5620.5,-2012.0,3
0,2886410014,7617.0,2317.5,5299.5,4
0,2886410014,10846.0,4544.0,6302.0,5
0,2886410014,8331.0,10531.0,-2200.0,6
0,2886410014,6636.5,3176.5,3460.0,7
0,2886410014,5002.0,4813.0,189.0,8
0,2886410014,6366.5,3617.5,2749.0,9
0,2886421142,3575.0,3600.0,-25.0,1
0,2886421142,3992.5,2598.5,1394.0,2
0,2886421142,4941.5,2416.5,2525.0,3
0,2886421142,9042.5,4018.5,5024.0,4
0,2886421142,6028.5,6281.5,-253.0,5
0,2886421142,5317.0,10273.0,-4956.0,6
0,2886421142,6408.0,10747.0,-4339.0,7
0,2886421142,5181.5,4217.5,964.0,8
0,2886421142,4057.0,2443.5,1613.5,9
0,2886473997,3760.0,3700.0,60.0,1
0,2886473997,3794.5,3108.5,686.0,2
0,2886473997,5983.5,3596.0,2387.5,3
0,2886473997,6654.5,3391.5,3263.0,4
0,2886473997,4322.0,4173.5,148.5,5
0,2886473997,5026.0,3798.0,1228.0,6
0,2886473997,3462.0,4709.5,-1247.5,7
0,2886473997,4276.5,4446.5,-170.0,8
0,2886473997,3876.5,4004.5,-128.0,9
0,2886588148,963.6666666666666,944.0,19.666666666666668,1
0,2886588148,2682.3333333333335,2093.0,589.3333333333334,2
0,2886588148,3189.0,2705.3333333333335,483.6666666666667,3
0,2886588148,2465.6666666666665,2645.6666666666665,-180.0,4
0,2886588148,2259.6666666666665,5661.0,-3401.3333333333335,5
0,2886588148,2984.3333333333335,3312.0,-327.6666666666667,6
0,2886588148,1725.6666666666667,3778.3333333333335,-2052.6666666666665,7
0,2886588148,4439.666666666667,3449.0,990.6666666666666,8
0,2886588148,4244.333333333333,4622.0,-377.6666666666667,9
0,2886629072,1250.0,1505.0,-255.0,1
0,2886629072,1146.5,1184.0,-37.5,2
0,2886629072,3046.5,3431.0,-384.5,3
0,2886629072,2958.5,2891.0,67.5,4
0,2886629072,3880.0,2281.5,1598.5,5
0,2886629072,3055.5,3503.0,-447.5,6
0,2886629072,4929.0,3638.0,1291.0,7
0,2886629072,2358.5,1698.0,660.5,8
0,2886629072,2496.5,1663.5,833.0,9
0,2886667123,962.3333333333334,954.3333333333334,8.0,1
0,2886667123,2529.0,2402.3333333333335,126.66666666666667,2
0,2886667123,3428.3333333333335,2442.0,986.3333333333334,3
0,2886667123,2465.6666666666665,2478.3333333333335,-12.666666666666666,4
0,2886667123,3602.6666666666665,3167.6666666666665,435.0,5
0,2886667123,4898.666666666667,2894.6666666666665,2004.0,6
0,2886667123,3981.3333333333335,2901.6666666666665,1079.6666666666667,7
0,2886667123,6368.0,2348.3333333333335,4019.6666666666665,8
0,2886667123,3166.3333333333335,5373.0,-2206.6666666666665,9
0,2886706280,7000.0,7000.0,0.0,1
0,2886706280,125.0,1500.0,-1375.0,2
0,2886706280,2316.0,3557.0,-1241.0,3
0,2886706280,4726.0,5754.0,-1028.0,4
0,2886706280,6940.0,7818.0,-878.0,5
0,2886706280,10201.0,4727.0,5474.0,6
0,2886706280,10377.0,6900.0,3477.0,7
0,2886706280,12608.0,8986.0,3622.0,8
0,2886706280,14903.0,11201.0,3702.0,9
0,2886740577,7000.0,7000.0,0.0,1
0,2886740577,1402.0,250.0,1152.0,2
0,2886740577,2240.0,2521.0,-281.0,3
0,2886740577,3787.0,4853.0,-1066.0,4
0,2886740577,6547.0,5098.0,1449.0,5
0,2886740577,5452.0,1985.0,3467.0,6
0,2886740577,8517.0,2329.0,6188.0,7
0,2886740577,1481.0,3015.0,-1534.0,8
0,2886740577,3656.0,4473.0,-817.0,9
0,2886745839,3254.0,3172.0,82.0,1
0,2886745839,3266.3333333333335,4565.0,-1298.6666666666667,2
0,2886745839,5406.666666666667,3964.6666666666665,1442.0,3
0,2886745839,4415.333333333333,3232.6666666666665,1182.6666666666667,4
0,2886745839,3323.0,6761.666666666667,-3438.6666666666665,5
0,2886745839,5417.0,7333.666666666667,-1916.6666666666667,6
0,2886745839,4331.0,4581.0,-250.0,7
0,2886745839,3774.6666666666665,5386.666666666667,-1612.0,8
0,2886745839,5185.666666666667,7502.333333333333,-2316.6666666666665,9
0,2887041071,7000.0,7000.0,0.0,1
0,2887041071,0.0,0.0,0.0,2
0,2887041071,3476.0,1083.0,2393.0,3
0,2887041071,4657.0,3854.0,803.0,4
0,2887041071,4993.0,4528.0,465.0,5
0,2887041071,3432.0,7126.0,-3694.0,6
0,2887041071,3985.0,7633.0,-3648.0,7
0,2887041071,7302.0,5229.0,2073.0,8
0,2887041071,7082.0,3903.0,3179.0,9
0,2887045532,3532.5,3526.5,6.0,1
0,2887045532,2982.5,2822.5,160.0,2
0,2887045532,5678.0,3383.0,2295.0,3
0,2887045532,3882.5,2866.5,1016.0,4
0,2887045532,3568.5,4090.0,-521.5,5
0,2887045532,7656.0,3475.5,4180.5,6
0,2887045532,8940.5,6796.5,2144.0,7
0,2887045532,4318.5,5363.0,-1044.5,8
0,2887045532,5921.5,2737.0,3184.5,9
0,2887064208,4207.5,3500.0,707.5,1
0,2887064208,2900.0,3729.0,-829.0,2
0,2887064208,6085.0,5507.5,577.5,3
0,2887064208,9294.5,4032.0,5262.5,4
0,2887064208,10043.0,4685.5,5357.5,5
0,2887064208,5002.5,3880.5,1122.0,6
0,2887064208,5579.0,2852.5,2726.5,7
0,2887064208,8426.5,3655.0,4771.5,8
0,2887064208,6467.0,3624.0,2843.0,9
0,2887076159,7000.0,7000.0,0.0,1
0,2887076159,350.0,165.0,185.0,2
0,2887076159,2629.0,2271.0,358.0,3
0,2887076159,2789.0,3735.0,-946.0,4
0,2887076159,4980.0,3622.0,1358.0,5
0,2887076159,7097.0,4075.0,3022.0,6
0,2887076159,6746.0,3257.0,3489.0,7
0,2887076159,5118.0,5649.0,-531.0,8
0,2887076159,8116.0,7180.0,936.0,9
0,2887193217,4207.5,3550.0,657.5,1
0,2887193217,3053.5,3198.0,-144.5,2
0,2887193217,5084.0,4919.0,165.0,3
0,2887193217,4726.0,6900.5,-2174.5,4
0,2887193217,3231.0,4525.5,-1294.5,5
0,2887193217,6000.5,5421.0,579.5,6
0,2887193217,8051.5,1811.5,6240.0,7
0,2887193217,3938.5,5009.0,-1070.5,8
0,2887193217,6067.5,6260.5,-193.0,9
0,2887241718,949.3333333333334,996.3333333333334,-47.0,1
0,2887241718,1718.0,1947.6666666666667,-229.66666666666666,2
0,2887241718,2475.6666666666665,3462.6666666666665,-987.0,3
0,2887241718,2877.6666666666665,2091.3333333333335,786.3333333333334,4
0,2887241718,3524.0,2202.6666666666665,1321.3333333333333,5
0,2887241718,3158.6666666666665,2537.0,621.6666666666666,6
0,2887241718,1998.6666666666667,3120.0,-1121.3333333333333,7
0,2887241718,4822.0,2832.0,1990.0,8
0,2887241718,5204.666666666667,3497.6666666666665,1707.0,9
0,2887315275,3785.0,3550.0,235.0,1
0,2887315275,4192.5,3727.0,465.5,2
0,2887315275,8320.0,5677.5,2642.5,3
0,2887315275,7770.0,11173.5,-3403.5,4
0,2887315275,7768.0,7351.0,417.0,5
0,2887315275,5538.5,5322.0,216.5,6
0,2887315275,3431.0,5598.0,-2167.0,7
0,2887315275,3374.0,4226.5,-852.5,8
0,2887315275,5514.5,6721.5,-1207.0,9
0,2888086225,3187.3333333333335,2988.3333333333335,199.0,1
0,2888086225,4426.0,5028.333333333333,-602.3333333333334,2
0,2888086225,3692.0,3614.3333333333335,77.66666666666667,3
0,2888086225,4477.333333333333,4501.0,-23.666666666666668,4
0,2888086225,4429.666666666667,3526.0,903.6666666666666,5
0,2888086225,4135.333333333333,2901.6666666666665,1233.6666666666667,6
0,2888086225,6360.666666666667,4494.0,1866.6666666666667,7
0,2888086225,5608.0,4213.666666666667,1394.3333333333333,8
0,2888086225,7282.333333333333,4399.0,2883.3333333333335,9
0,2888587974,3525.0,4279.0,-754.0,1
0,2888587974,3304.5,2879.5,425.0,2
0,2888587974,6589.0,3883.5,2705.5,3
0,2888587974,3679.0,6130.5,-2451.5,4
0,2888587974,4891.5,5814.0,-922.5,5
0,2888587974,5162.0,5016.5,145.5,6
0,2888587974,2721.0,5197.0,-2476.0,7
0,2888587974,8031.5,3768.5,4263.0,8
0,2888587974,2488.5,3857.0,-1368.5,9
0,2889092577,3775.0,3600.0,175.0,1
0,2889092577,3459.0,3504.5,-45.5,2
0,2889092577,5015.5,4198.0,817.5,3
0,2889092577,5885.0,3820.5,2064.5,4
0,2889092577,2434.0,4609.0,-2175.0,5
0,2889092577,4327.0,3410.5,916.5,6
0,2889092577,4973.0,3734.5,1238.5,7
0,2889092577,6134.0,6574.5,-440.5,8
0,2889092577,4986.0,2954.0,2032.0,9
0,2889855187,7000.0,7000.0,0.0,1
0,2889855187,150.0,1400.0,-1250.0,2
0,2889855187,2917.0,3644.0,-727.0,3
0,2889855187,4727.0,5109.0,-382.0,4
0,2889855187,6194.0,7631.0,-1437.0,5
0,2889855187,7730.0,4362.0,3368.0,6
0,2889855187,4715.0,8009.0,-3294.0,7
0,2889855187,4814.0,4960.0,-146.0,8
0,2889855187,5446.0,5962.0,-516.0,9
0,2890359159,7000.0,7000.0,0.0,1
0,2890359159,50.0,25.0,25.0,2
0,2890359159,2265.0,2493.0,-228.0,3
0,2890359159,3491.0,2422.0,1069.0,4
0,2890359159,5710.0,4548.0,1162.0,5
0,2890359159,975.0,2774.0,-1799.0,6
0,2890359159,3287.0,4926.0,-1639.0,7
0,2890359159,7790.0,2946.0,4844.0,8
0,2890359159,6670.0,2625.0,4045.0,9
0,2890392192,7000.0,7000.0,0.0,1
0,2890392192,115.0,1400.0,-1285.0,2
0,2890392192,1885.0,2538.0,-653.0,3
0,2890392192,2794.0,4427.0,-1633.0,4
0,2890392192,4398.0,2321.0,2077.0,5
0,2890392192,6619.0,2559.0,4060.0,6
0,2890392192,4486.0,5110.0,-624.0,7
0,2890392192,8316.0,1226.0,7090.0,8
0,2890392192,1099.0,3645.0,-2546.0,9
0,2890773023,1165.6666666666667,1087.3333333333333,78.33333333333333,1
0,2890773023,2959.6666666666665,3399.3333333333335,-439.6666666666667,2
0,2890773023,3309.3333333333335,4108.666666666667,-799.3333333333334,3
0,2890773023,3625.6666666666665,2709.6666666666665,916.0,4
0,2890773023,3365.3333333333335,3253.0,112.33333333333333,5
0,2890773023,4324.333333333333,4647.333333333333,-323.0,6
0,2890773023,3402.3333333333335,3862.0,-459.6666666666667,7
0,2890773023,4341.333333333333,4238.333333333333,103.0,8
0,2890773023,4094.0,4333.333333333333,-239.33333333333334,9
0,2890777411,1250.0,1250.0,0.0,1
0,2890777411,1019.0,1138.0,-119.0,2
0,2890777411,3537.5,3312.5,225.0,3
0,2890777411,1977.5,1039.0,938.5,4
0,2890777411,3423.5,1430.0,1993.5,5
0,2890777411,2745.5,2709.5,36.0,6
0,2890777411,3387.0,2319.0,1068.0,7
0,2890777411,2964.0,2196.0,768.0,8
0,2890777411,3873.5,3089.5,784.0,9
0,2890809737,1133.6666666666667,952.6666666666666,181.0,1
0,2890809737,3573.0,2820.6666666666665,752.3333333333334,2
0,2890809737,1553.6666666666667,2821.3333333333335,-1267.6666666666667,3
0,2890809737,3710.3333333333335,3304.6666666666665,405.6666666666667,4
0,2890809737,3296.0,2790.0,506.0,5
0,2890809737,3319.0,3288.6666666666665,30.333333333333332,6
0,2890809737,3875.6666666666665,5024.333333333333,-1148.6666666666667,7
0,2890809737,5665.333333333333,3273.3333333333335,2392.0,8
0,2890809737,4989.333333333333,2715.3333333333335,2274.0,9
0,2890900577,991.0,944.6666666666666,46.333333333333336,1
0,2890900577,2398.3333333333335,2297.3333333333335,101.0,2
0,2890900577,2443.3333333333335,3534.0,-1090.6666666666667,3
0,2890900577,1985.0,3105.6666666666665,-1120.6666666666667,4
0,2890900577,2636.6666666666665,2909.0,-272.3333333333333,5
0,2890900577,3294.3333333333335,3073.3333333333335,221.0,6
0,2890900577,3231.6666666666665,5053.333333333333,-1821.6666666666667,7
0,2890900577,2013.0,4567.0,-2554.0,8
0,2890900577,2285.0,3975.0,-1690.0,9
0,2890943560,1283.25,1181.25,102.0,1
0,2890943560,2541.5,2253.75,287.75,2
0,2890943560,2867.5,2281.75,585.75,3
0,2890943560,3131.75,3318.0,-186.25,4
0,2890943560,3804.5,4440.25,-635.75,5
0,2890943560,5029.5,3251.75,1777.75,6
0,2890943560,4236.5,2752.75,1483.75,7
0,2890943560,2695.75,3135.0,-439.25,8
0,2890943560,4009.25,4248.25,-239.0,9
0,2891063899,944.0,941.0,3.0,1
0,2891063899,3492.6666666666665,3094.6666666666665,398.0,2
0,2891063899,2505.3333333333335,2113.6666666666665,391.6666666666667,3
0,2891063899,3540.6666666666665,3187.6666666666665,353.0,4
0,2891063899,3394.3333333333335,3936.0,-541.6666666666666,5
0,2891063899,3817.6666666666665,3351.6666666666665,466.0,6
0,2891063899,4149.333333333333,3850.6666666666665,298.6666666666667,7
0,2891063899,3816.0,3547.6666666666665,268.3333333333333,8
0,2891063899,3538.3333333333335,2721.0,817.3333333333334,9
0,2891096392,1250.0,1250.0,0.0,1
0,2891096392,1595.5,957.5,638.0,2
0,2891096392,2458.5,2795.5,-337.0,3
0,2891096392,2293.0,3231.5,-938.5,4
0,2891096392,2907.0,1672.0,1235.0,5
0,2891096392,5027.0,1919.0,3108.0,6
0,2891096392,4397.5,2318.0,2079.5,7
0,2891096392,4411.0,3171.5,1239.5,8
0,2891096392,3908.5,3299.5,609.0,9
0,2891122191,977.6666666666666,957.6666666666666,20.0,1
0,2891122191,2997.6666666666665,2264.3333333333335,733.3333333333334,2
0,2891122191,3671.0,2260.6666666666665,1410.3333333333333,3
0,2891122191,3330.0,3211.6666666666665,118.33333333333333,4
0,2891122191,4008.6666666666665,2175.6666666666665,1833.0,5
0,2891122191,4361.0,3615.6666666666665,745.3333333333334,6
0,2891122191,5156.0,3416.0,1740.0,7
0,2891122191,4523.666666666667,3586.6666666666665,937.0,8
0,2891122191,4856.333333333333,3731.0,1125.3333333333333,9
0,2891678880,3600.0,3550.0,50.0,1
0,2891678880,3579.5,1539.0,2040.5,2
0,2891678880,4412.5,2345.5,2067.0,3
0,2891678880,4685.5,5277.5,-592.0,4
0,2891678880,6256.0,4359.0,1897.0,5
0,2891678880,2283.0,4013.0,-1730.0,6
0,2891678880,4405.0,5444.0,-1039.0,7
0,2891678880,3759.5,5596.5,-1837.0,8
0,2891678880,4521.5,2940.5,1581.0,9
0,2891806516,3505.0,3632.5,-127.5,1
0,2891806516,2918.0,3353.0,-435.0,2
0,2891806516,4910.5,4163.5,747.0,3
0,2891806516,2959.0,3040.5,-81.5,4
0,2891806516,3328.0,4607.0,-1279.0,5
0,2891806516,2684.0,3117.0,-433.0,6
0,2891806516,4441.5,4009.0,432.5,7
0,2891806516,5138.0,4536.0,602.0,8
0,2891806516,3521.0,5779.5,-2258.5,9
0,2891852675,975.6666666666666,998.3333333333334,-22.666666666666668,1
0,2891852675,2212.6666666666665,2598.6666666666665,-386.0,2
0,2891852675,4507.0,4672.333333333333,-165.33333333333334,3
0,2891852675,4679.333333333333,4382.666666666667,296.6666666666667,4
0,2891852675,3245.6666666666665,3316.3333333333335,-70.66666666666667,5
0,2891852675,4579.333333333333,2625.6666666666665,1953.6666666666667,6
0,2891852675,4796.333333333333,3573.0,1223.3333333333333,7
0,2891852675,4031.0,3692.6666666666665,338.3333333333333,8
0,2891852675,4403.0,3147.6666666666665,1255.3333333333333,9
0,2891883759,1250.0,1250.0,0.0,1
0,2891883759,1056.0,1105.0,-49.0,2
0,2891883759,2841.0,3034.0,-193.0,3
0,2891883759,2305.0,2396.5,-91.5,4
0,2891883759,2567.5,3401.0,-833.5,5
0,2891883759,3695.0,2754.5,940.5,6
0,2891883759,1807.0,3199.0,-1392.0,7
0,2891883759,3633.5,3455.5,178.0,8
0,2891883759,3627.5,2838.5,789.0,9
0,2891960983,954.3333333333334,943.6666666666666,10.666666666666666,1
0,2891960983,2034.0,2850.6666666666665,-816.6666666666666,2
0,2891960983,2764.6666666666665,1970.0,794.6666666666666,3
0,2891960983,3107.6666666666665,2389.6666666666665,718.0,4
0,2891960983,3273.6666666666665,3334.6666666666665,-61.0,5
0,2891960983,3140.3333333333335,4392.0,-1251.6666666666667,6
0,2891960983,4242.0,3564.0,678.0,7
0,2891960983,4286.0,2243.6666666666665,2042.3333333333333,8
0,2891960983,3221.6666666666665,3410.6666666666665,-189.0,9
0,2892486300,7000.0,7000.0,0.0,1
0,2892486300,250.0,1515.0,-1265.0,2
0,2892486300,3243.0,1277.0,1966.0,3
0,2892486300,5220.0,2423.0,2797.0,4
0,2892486300,6402.0,4974.0,1428.0,5
0,2892486300,6758.0,6261.0,497.0,6
0,2892486300,2202.0,6654.0,-4452.0,7
0,2892486300,4599.0,5738.0,-1139.0,8
0,2892486300,7394.0,2538.0,4856.0,9
0,2892992073,3500.0,4945.0,-1445.0,1
0,2892992073,3578.0,3205.5,372.5,2
0,2892992073,6768.0,4368.5,2399.5,3
0,2892992073,10581.5,7609.5,2972.0,4
0,2892992073,12476.0,6011.5,6464.5,5
0,2892992073,7099.5,8329.5,-1230.0,6
0,2892992073,6057.0,5647.5,409.5,7
0,2892992073,4800.5,4092.5,708.0,8
0,2892992073,3755.0,4829.0,-1074.0,9
0,2894015404,3650.0,3525.0,125.0,1
0,2894015404,3540.5,3144.5,396.0,2
0,2894015404,5902.0,5134.0,768.0,3
0,2894015404,5601.0,3488.5,2112.5,4
0,2894015404,4193.0,4587.0,-394.0,5
0,2894015404,4374.5,5971.0,-1596.5,6
0,2894015404,4399.5,5218.0,-818.5,7
0,2894015404,3476.5,4373.5,-897.0,8
0,2894015404,3477.5,4495.5,-1018.0,9
0,2894030627,7000.0,7000.0,0.0,1
0,2894030627,165.0,510.0,-345.0,2
0,2894030627,1955.0,2660.0,-705.0,3
0,2894030627,4579.0,4356.0,223.0,4
0,2894030627,7252.0,4738.0,2514.0,5
0,2894030627,8058.0,5263.0,2795.0,6
0,2894030627,9474.0,8957.0,517.0,7
0,2894030627,2059.0,3826.0,-1767.0,8
0,2894030627,1978.0,3862.0,-1884.0,9
0,2894533489,3500.0,3787.5,-287.5,1
0,2894533489,2872.0,4544.0,-1672.0,2
0,2894533489,5375.0,4281.5,1093.5,3
0,2894533489,6549.5,7520.5,-971.0,4
0,2894533489,5899.5,6967.5,-1068.0,5
0,2894533489,6301.0,8898.0,-2597.0,6
0,2894533489,3921.5,8951.5,-5030.0,7
0,2894533489,3845.5,2977.0,868.5,8
0,2894533489,8367.0,3316.0,5051.0,9
0,2894563082,3550.0,3500.0,50.0,1
0,2894563082,3411.5,3468.5,-57.0,2
0,2894563082,3318.0,4672.0,-1354.0,3
0,2894563082,3969.5,6349.5,-2380.0,4
0,2894563082,7602.0,6147.5,1454.5,5
0,2894563082,3703.0,3809.5,-106.5,6
0,2894563082,6248.0,3673.5,2574.5,7
0,2894563082,4535.5,3968.0,567.5,8
0,2894563082,3298.5,4272.5,-974.0,9
0,2895115928,7000.0,7000.0,0.0,1
0,2895115928,150.0,515.0,-365.0,2
0,2895115928,2524.0,2757.0,-233.0,3
0,2895115928,4516.0,3292.0,1224.0,4
0,2895115928,5087.0,5200.0,-113.0,5
0,2895115928,4201.0,8235.0,-4034.0,6
0,2895115928,6392.0,3613.0,2779.0,7
0,2895115928,8203.0,3501.0,4702.0,8
0,2895115928,2709.0,4817.0,-2108.0,9
0,2895119363,7000.0,7000.0,0.0,1
0,2895119363,685.0,65.0,620.0,2
0,2895119363,2898.0,2215.0,683.0,3
0,2895119363,5383.0,4447.0,936.0,4
0,2895119363,6739.0,3917.0,2822.0,5
0,2895119363,2183.0,2674.0,-491.0,6
0,2895119363,3268.0,4265.0,-997.0,7
0,2895119363,4223.0,4831.0,-608.0,8
0,2895119363,7413.0,4425.0,2988.0,9
0,2895147142,7000.0,7000.0,0.0,1
0,2895147142,100.0,65.0,35.0,2
0,2895147142,2154.0,2050.0,104.0,3
0,2895147142,4778.0,2199.0,2579.0,4
0,2895147142,6228.0,2713.0,3515.0,5
0,2895147142,2297.0,1763.0,534.0,6
0,2895147142,5095.0,3322.0,1773.0,7
0,2895147142,8761.0,881.0,7880.0,8
0,2895147142,5224.0,4231.0,993.0,9
0,2895799030,3507.5,3527.5,-20.0,1
0,2895799030,4146.5,2736.0,1410.5,2
0,2895799030,4960.5,2726.0,2234.5,3
0,2895799030,5377.0,3891.5,1485.5,4
0,2895799030,2986.0,2658.0,328.0,5
0,2895799030,3783.0,3963.5,-180.5,6
0,2895799030,5327.5,3900.5,1427.0,7
0,2895799030,5605.0,3642.0,1963.0,8
0,2895799030,3014.0,4409.5,-1395.5,9
0,2895839932,3730.0,3527.5,202.5,1
0,2895839932,2802.0,3961.5,-1159.5,2
0,2895839932,3902.0,4200.0,-298.0,3
0,2895839932,4995.5,7528.0,-2532.5,4
0,2895839932,7189.0,6726.5,462.5,5
0,2895839932,4151.5,5947.0,-1795.5,6
0,2895839932,6132.0,2695.5,3436.5,7
0,2895839932,1817.5,5140.5,-3323.0,8
0,2895839932,3571.0,5404.0,-1833.0,9
0,2895844104,3920.0,3709.5,210.5,1
0,2895844104,4341.5,3307.0,1034.5,2
0,2895844104,6730.0,4458.5,2271.5,3
0,2895844104,11557.5,2802.5,8755.0,4
0,2895844104,9741.0,3765.0,5976.0,5
0,2895844104,11264.5,2845.0,8419.5,6
0,2895844104,9823.0,4660.0,5163.0,7
0,2895844104,2468.0,6480.5,-4012.5,8
0,2895844104,7665.5,5882.0,1783.5,9
0,2896097800,7000.0,7000.0,0.0,1
0,2896097800,100.0,15.0,85.0,2
0,2896097800,2983.0,2221.0,762.0,3
0,2896097800,6012.0,961.0,5051.0,4
0,2896097800,4077.0,3158.0,919.0,5
0,2896097800,5128.0,4377.0,751.0,6
0,2896097800,7809.0,5877.0,1932.0,7
0,2896097800,6393.0,5644.0,749.0,8
0,2896097800,8849.0,3249.0,5600.0,9
0,2896112362,3587.5,4200.0,-612.5,1
0,2896112362,2498.0,2269.5,228.5,2
0,2896112362,5074.0,2563.0,2511.0,3
0,2896112362,5266.5,3475.5,1791.0,4
0,2896112362,3489.5,3351.5,138.0,5
0,2896112362,4819.0,2705.0,2114.0,6
0,2896112362,3955.5,7142.5,-3187.0,7
0,2896112362,3636.0,4946.0,-1310.0,8
0,2896112362,4422.5,6068.0,-1645.5,9
0,2896141492,7000.0,7000.0,0.0,1
0,2896141492,100.0,1475.0,-1375.0,2
0,2896141492,3191.0,1411.0,1780.0,3
0,2896141492,5819.0,3776.0,2043.0,4
0,2896141492,1260.0,4530.0,-3270.0,5
0,2896141492,4887.0,1571.0,3316.0,6
0,2896141492,8129.0,3426.0,4703.0,7
0,2896141492,2271.0,6376.0,-4105.0,8
0,2896141492,4222.0,6572.0,-2350.0,9
0,2896146223,7000.0,7000.0,0.0,1
0,2896146223,0.0,440.0,-440.0,2
0,2896146223,3134.0,2074.0,1060.0,3
0,2896146223,4909.0,3210.0,1699.0,4
0,2896146223,6261.0,3756.0,2505.0,5
0,2896146223,2383.0,5977.0,-3594.0,6
0,2896146223,4775.0,4165.0,610.0,7
0,2896146223,5298.0,5060.0,238.0,8
0,2896146223,4463.0,3362.0,1101.0,9
0,2896176718,7000.0,7000.0,0.0,1
0,2896176718,100.0,50.0,50.0,2
0,2896176718,1776.0,2570.0,-794.0,3
0,2896176718,4419.0,4014.0,405.0,4
0,2896176718,1225.0,4100.0,-2875.0,5
0,2896176718,3797.0,4293.0,-496.0,6
0,2896176718,3584.0,1286.0,2298.0,7
0,2896176718,6480.0,2014.0,4466.0,8
0,2896176718,5116.0,2330.0,2786.0,9
0,2896182561,3607.5,4357.5,-750.0,1
0,2896182561,3791.0,2972.0,819.0,2
0,2896182561,4753.0,4829.0,-76.0,3
0,2896182561,3387.0,4792.5,-1405.5,4
0,2896182561,5184.5,2752.5,2432.0,5
0,2896182561,4187.5,5101.5,-914.0,6
0,2896182561,4372.5,3173.5,1199.0,7
0,2896182561,5975.5,3456.5,2519.0,8
0,2896182561,4300.0,2882.0,1418.0,9
